Kecamatan,Kelompok,Komoditas,Tahun,Nilai,Satuan,Sumber Data
Banjarmangu,sayuran,Bawang Merah,2017,0,ton,csv
Banjarmangu,sayuran,Cabai Besar,2017,0,ton,csv
Banjarmangu,sayuran,Kentang,2017,0,ton,csv
Banjarmangu,sayuran,Kubis,2017,0,ton,csv
Banjarmangu,sayuran,Petsai,2017,0,ton,csv
Banjarmangu,sayuran,Tomat,2017,39.7,ton,csv
Banjarmangu,sayuran,Bawang Putih,2017,0,ton,csv
Banjarmangu,sayuran,Cabai Rawit,2017,0,ton,csv
Banjarmangu,buah_tahunan,Mangga,2017,189.2,ton,csv
Banjarmangu,buah_tahunan,Durian,2017,1567.8,ton,csv
Banjarmangu,buah_tahunan,Pisang,2017,3238.8,ton,csv
Banjarmangu,buah_tahunan,Pepaya,2017,295.2,ton,csv
Banjarmangu,buah_tahunan,Salak,2017,123192.2,ton,csv
Banjarmangu,sayuran,Bawang Merah,2018,0,ton,csv
Banjarmangu,sayuran,Cabai Besar,2018,26.9,ton,csv
Banjarmangu,sayuran,Kentang,2018,0,ton,csv
Banjarmangu,sayuran,Kubis,2018,0,ton,csv
Banjarmangu,sayuran,Petsai,2018,0,ton,csv
Banjarmangu,sayuran,Tomat,2018,2.4,ton,csv
Banjarmangu,sayuran,Bawang Putih,2018,0,ton,csv
Banjarmangu,sayuran,Cabai Rawit,2018,6,ton,csv
Banjarmangu,buah_tahunan,Mangga,2018,303.3,ton,csv
Banjarmangu,buah_tahunan,Durian,2018,1267.9,ton,csv
Banjarmangu,buah_tahunan,Jeruk Besar,2018,19,ton,csv
Banjarmangu,buah_tahunan,Pisang,2018,3228.9,ton,csv
Banjarmangu,buah_tahunan,Pepaya,2018,398.4,ton,csv
Banjarmangu,buah_tahunan,Salak,2018,129704.2,ton,csv
Banjarmangu,buah_tahunan,Jeruk Siam,2018,105.3,ton,csv
Banjarmangu,sayuran,Bawang Merah,2019,0,ton,csv
Banjarmangu,sayuran,Cabai Besar,2019,14.3,ton,csv
Banjarmangu,sayuran,Kentang,2019,0,ton,csv
Banjarmangu,sayuran,Kubis,2019,0,ton,csv
Banjarmangu,sayuran,Petsai,2019,0,ton,csv
Banjarmangu,sayuran,Tomat,2019,13.7,ton,csv
Banjarmangu,sayuran,Bawang Putih,2019,0,ton,csv
Banjarmangu,sayuran,Cabai Rawit,2019,8.9,ton,csv
Banjarmangu,buah_tahunan,Mangga,2019,333.5,ton,csv
Banjarmangu,buah_tahunan,Durian,2019,991,ton,csv
Banjarmangu,buah_tahunan,Jeruk Besar,2019,22.5,ton,csv
Banjarmangu,buah_tahunan,Pisang,2019,2804.6,ton,csv
Banjarmangu,buah_tahunan,Pepaya,2019,228,ton,csv
Banjarmangu,buah_tahunan,Salak,2019,122291.5,ton,csv
Banjarmangu,buah_tahunan,Jeruk Siam,2019,111.4,ton,csv
Banjarmangu,tanaman_hias,Agloenema,2019,0,tangkai,csv
Banjarmangu,tanaman_hias,Krisan,2019,0,tangkai,csv
Banjarmangu,tanaman_hias,Mawar,2019,0,tangkai,csv
Banjarmangu,tanaman_hias,Soka,2019,0,tangkai,csv
Banjarmangu,biofarmaka,Jahe,2019,15133,tangkai,csv
Banjarmangu,biofarmaka,Laos,2019,0,tangkai,csv
Banjarmangu,biofarmaka,Kencur,2019,0,tangkai,csv
Banjarmangu,biofarmaka,Kunyit,2019,0,tangkai,csv
Banjarmangu,sayuran,Bawang Merah,2020,0,ton,csv
Banjarmangu,sayuran,Cabai Besar,2020,21,ton,csv
Banjarmangu,sayuran,Kentang,2020,0,ton,csv
Banjarmangu,sayuran,Kubis,2020,0,ton,csv
Banjarmangu,sayuran,Petsai,2020,0,ton,csv
Banjarmangu,sayuran,Tomat,2020,5.3,ton,csv
Banjarmangu,sayuran,Bawang Putih,2020,0,ton,csv
Banjarmangu,sayuran,Cabai Rawit,2020,11.2,ton,csv
Banjarmangu,buah_tahunan,Mangga,2020,429.9,ton,csv
Banjarmangu,buah_tahunan,Durian,2020,4476.7,ton,csv
Banjarmangu,buah_tahunan,Jeruk Besar,2020,21.6,ton,csv
Banjarmangu,buah_tahunan,Pisang,2020,1785.8,ton,csv
Banjarmangu,buah_tahunan,Pepaya,2020,303.8,ton,csv
Banjarmangu,buah_tahunan,Salak,2020,95868,ton,csv
Banjarmangu,buah_tahunan,Jeruk Siam,2020,129.9,ton,csv
Banjarmangu,tanaman_hias,Agloenema,2020,0,tangkai,csv
Banjarmangu,tanaman_hias,Krisan,2020,0,tangkai,csv
Banjarmangu,tanaman_hias,Mawar,2020,0,tangkai,csv
Banjarmangu,tanaman_hias,Soka,2020,0,tangkai,csv
Banjarmangu,biofarmaka,Jahe,2020,0,tangkai,csv
Banjarmangu,biofarmaka,Laos,2020,2250,tangkai,csv
Banjarmangu,biofarmaka,Kencur,2020,0,tangkai,csv
Banjarmangu,biofarmaka,Kunyit,2020,0,tangkai,csv
Banjarmangu,sayuran,Bawang Merah,2021,0,ton,csv
Banjarmangu,sayuran,Cabai Besar,2021,0,ton,csv
Banjarmangu,sayuran,Kentang,2021,0,ton,csv
Banjarmangu,sayuran,Kubis,2021,0,ton,csv
Banjarmangu,sayuran,Petsai,2021,0,ton,csv
Banjarmangu,sayuran,Tomat,2021,0,ton,csv
Banjarmangu,sayuran,Bawang Putih,2021,0,ton,csv
Banjarmangu,sayuran,Cabai Rawit,2021,19.1,ton,csv
Banjarmangu,buah_tahunan,Mangga,2021,131.8,ton,csv
Banjarmangu,buah_tahunan,Durian,2021,2534.6,ton,csv
Banjarmangu,buah_tahunan,Jeruk Besar,2021,0,ton,csv
Banjarmangu,buah_tahunan,Pisang,2021,2375.7,ton,csv
Banjarmangu,buah_tahunan,Pepaya,2021,317.6,ton,csv
Banjarmangu,buah_tahunan,Salak,2021,169838.8,ton,csv
Banjarmangu,buah_tahunan,Jeruk Siam,2021,97.6,ton,csv
Banjarmangu,tanaman_hias,Agloenema,2021,0,tangkai,csv
Banjarmangu,tanaman_hias,Krisan,2021,0,tangkai,csv
Banjarmangu,tanaman_hias,Mawar,2021,0,tangkai,csv
Banjarmangu,tanaman_hias,Soka,2021,0,tangkai,csv
Banjarmangu,biofarmaka,Jahe,2021,3000,tangkai,csv
Banjarmangu,biofarmaka,Laos,2021,4620,tangkai,csv
Banjarmangu,biofarmaka,Kencur,2021,0,tangkai,csv
Banjarmangu,biofarmaka,Kunyit,2021,0,tangkai,csv
Banjarmangu,sayuran,Bawang Merah,2022,0,ton,csv
Banjarmangu,sayuran,Cabai Besar,2022,0.6,ton,csv
Banjarmangu,sayuran,Kentang,2022,0,ton,csv
Banjarmangu,sayuran,Kubis,2022,0,ton,csv
Banjarmangu,sayuran,Petsai,2022,0,ton,csv
Banjarmangu,sayuran,Tomat,2022,15.1,ton,csv
Banjarmangu,sayuran,Bawang Putih,2022,0,ton,csv
Banjarmangu,sayuran,Cabai Rawit,2022,0.9,ton,csv
Banjarmangu,buah_tahunan,Mangga,2022,232.9,ton,csv
Banjarmangu,buah_tahunan,Durian,2022,1488,ton,csv
Banjarmangu,buah_tahunan,Jeruk Besar,2022,0,ton,csv
Banjarmangu,buah_tahunan,Pisang,2022,4618,ton,csv
Banjarmangu,buah_tahunan,Pepaya,2022,404,ton,csv
Banjarmangu,buah_tahunan,Salak,2022,96282,ton,csv
Banjarmangu,buah_tahunan,Jeruk Siam,2022,58.3,ton,csv
Banjarmangu,tanaman_hias,Agloenema,2022,0,tangkai,csv
Banjarmangu,tanaman_hias,Krisan,2022,0,tangkai,csv
Banjarmangu,tanaman_hias,Mawar,2022,0,tangkai,csv
Banjarmangu,tanaman_hias,Soka,2022,0,tangkai,csv
Banjarmangu,biofarmaka,Jahe,2022,0,tangkai,csv
Banjarmangu,biofarmaka,Laos,2022,0,tangkai,csv
Banjarmangu,biofarmaka,Kencur,2022,0,tangkai,csv
Banjarmangu,biofarmaka,Kunyit,2022,450,tangkai,csv
Banjarmangu,sayuran,Bawang Merah,2023,0,ton,csv
Banjarmangu,sayuran,Cabai Besar,2023,0,ton,csv
Banjarmangu,sayuran,Kentang,2023,0,ton,csv
Banjarmangu,sayuran,Kubis,2023,0,ton,csv
Banjarmangu,sayuran,Petsai,2023,0,ton,csv
Banjarmangu,sayuran,Tomat,2023,8.65,ton,csv
Banjarmangu,sayuran,Bawang Putih,2023,0,ton,csv
Banjarmangu,sayuran,Cabai Rawit,2023,9.1,ton,csv
Banjarmangu,buah_tahunan,Mangga,2023,0,ton,csv
Banjarmangu,buah_tahunan,Durian,2023,145,ton,csv
Banjarmangu,buah_tahunan,Pisang,2023,30.5,ton,csv
Banjarmangu,buah_tahunan,Pepaya,2023,17.2,ton,csv
Banjarmangu,buah_tahunan,Salak,2023,40100,ton,csv
Banjarmangu,buah_tahunan,Jeruk Siam,2023,0,ton,csv
Banjarmangu,tanaman_hias,Agloenema,2023,0,tangkai,csv
Banjarmangu,tanaman_hias,Krisan,2023,0,tangkai,csv
Banjarmangu,tanaman_hias,Mawar,2023,0,tangkai,csv
Banjarmangu,tanaman_hias,Soka,2023,0,tangkai,csv
Banjarmangu,biofarmaka,Jahe,2023,0,tangkai,csv
Banjarmangu,biofarmaka,Laos,2023,0,tangkai,csv
Banjarmangu,biofarmaka,Kencur,2023,64000,tangkai,csv
Banjarmangu,biofarmaka,Kunyit,2023,0,tangkai,csv
Banjarmangu,sayuran,Bawang Merah,2024,0,ton,csv
Banjarmangu,sayuran,Cabai Besar,2024,0,ton,csv
Banjarmangu,sayuran,Kentang,2024,0,ton,csv
Banjarmangu,sayuran,Kubis,2024,0,ton,csv
Banjarmangu,sayuran,Petsai,2024,0,ton,csv
Banjarmangu,sayuran,Tomat,2024,0,ton,csv
Banjarmangu,sayuran,Bawang Putih,2024,0,ton,csv
Banjarmangu,sayuran,Cabai Rawit,2024,2.16,ton,csv
Banjarmangu,buah_tahunan,Mangga,2024,174.95,ton,csv
Banjarmangu,buah_tahunan,Durian,2024,266,ton,csv
Banjarmangu,buah_tahunan,Jeruk Besar,2024,0,ton,csv
Banjarmangu,buah_tahunan,Pisang,2024,524,ton,csv
Banjarmangu,buah_tahunan,Pepaya,2024,739.5,ton,csv
Banjarmangu,buah_tahunan,Salak,2024,9230,ton,csv
Banjarmangu,buah_tahunan,Jeruk Siam,2024,0,ton,csv
Banjarmangu,tanaman_hias,Agloenema,2024,0,tangkai,csv
Banjarmangu,tanaman_hias,Krisan,2024,0,tangkai,csv
Banjarmangu,tanaman_hias,Mawar,2024,0,tangkai,csv
Banjarmangu,tanaman_hias,Soka,2024,0,tangkai,csv
Banjarmangu,biofarmaka,Jahe,2024,90,tangkai,csv
Banjarmangu,biofarmaka,Laos,2024,8450,tangkai,csv
Banjarmangu,biofarmaka,Kencur,2024,0,tangkai,csv
Banjarmangu,biofarmaka,Kunyit,2024,4115,tangkai,csv
Banjarnegara,sayuran,Bawang Merah,2017,0,ton,csv
Banjarnegara,sayuran,Cabai Besar,2017,0,ton,csv
Banjarnegara,sayuran,Kentang,2017,0,ton,csv
Banjarnegara,sayuran,Kubis,2017,0,ton,csv
Banjarnegara,sayuran,Petsai,2017,0,ton,csv
Banjarnegara,sayuran,Tomat,2017,0,ton,csv
Banjarnegara,sayuran,Bawang Putih,2017,0,ton,csv
Banjarnegara,sayuran,Cabai Rawit,2017,0,ton,csv
Banjarnegara,buah_tahunan,Mangga,2017,0,ton,csv
Banjarnegara,buah_tahunan,Durian,2017,0.4,ton,csv
Banjarnegara,buah_tahunan,Pisang,2017,0,ton,csv
Banjarnegara,buah_tahunan,Pepaya,2017,4.4,ton,csv
Banjarnegara,buah_tahunan,Salak,2017,13020.4,ton,csv
Banjarnegara,sayuran,Bawang Merah,2018,20,ton,csv
Banjarnegara,sayuran,Cabai Besar,2018,0.2,ton,csv
Banjarnegara,sayuran,Kentang,2018,0,ton,csv
Banjarnegara,sayuran,Kubis,2018,0,ton,csv
Banjarnegara,sayuran,Petsai,2018,0,ton,csv
Banjarnegara,sayuran,Tomat,2018,0,ton,csv
Banjarnegara,sayuran,Bawang Putih,2018,0,ton,csv
Banjarnegara,sayuran,Cabai Rawit,2018,0,ton,csv
Banjarnegara,buah_tahunan,Mangga,2018,4,ton,csv
Banjarnegara,buah_tahunan,Durian,2018,73.2,ton,csv
Banjarnegara,buah_tahunan,Jeruk Besar,2018,0,ton,csv
Banjarnegara,buah_tahunan,Pisang,2018,70.9,ton,csv
Banjarnegara,buah_tahunan,Pepaya,2018,9.5,ton,csv
Banjarnegara,buah_tahunan,Salak,2018,3184,ton,csv
Banjarnegara,buah_tahunan,Jeruk Siam,2018,0,ton,csv
Banjarnegara,sayuran,Bawang Merah,2019,0,ton,csv
Banjarnegara,sayuran,Cabai Besar,2019,15.5,ton,csv
Banjarnegara,sayuran,Kentang,2019,0,ton,csv
Banjarnegara,sayuran,Kubis,2019,0,ton,csv
Banjarnegara,sayuran,Petsai,2019,0,ton,csv
Banjarnegara,sayuran,Tomat,2019,35.3,ton,csv
Banjarnegara,sayuran,Bawang Putih,2019,0,ton,csv
Banjarnegara,sayuran,Cabai Rawit,2019,1.3,ton,csv
Banjarnegara,buah_tahunan,Mangga,2019,0,ton,csv
Banjarnegara,buah_tahunan,Durian,2019,52.8,ton,csv
Banjarnegara,buah_tahunan,Jeruk Besar,2019,0,ton,csv
Banjarnegara,buah_tahunan,Pisang,2019,18.4,ton,csv
Banjarnegara,buah_tahunan,Pepaya,2019,36.5,ton,csv
Banjarnegara,buah_tahunan,Salak,2019,892.2,ton,csv
Banjarnegara,buah_tahunan,Jeruk Siam,2019,0,ton,csv
Banjarnegara,tanaman_hias,Agloenema,2019,0,tangkai,csv
Banjarnegara,tanaman_hias,Krisan,2019,0,tangkai,csv
Banjarnegara,tanaman_hias,Mawar,2019,0,tangkai,csv
Banjarnegara,tanaman_hias,Soka,2019,0,tangkai,csv
Banjarnegara,biofarmaka,Jahe,2019,500,tangkai,csv
Banjarnegara,biofarmaka,Laos,2019,8000,tangkai,csv
Banjarnegara,biofarmaka,Kencur,2019,0,tangkai,csv
Banjarnegara,biofarmaka,Kunyit,2019,8000,tangkai,csv
Banjarnegara,sayuran,Bawang Merah,2020,19.5,ton,csv
Banjarnegara,sayuran,Cabai Besar,2020,10,ton,csv
Banjarnegara,sayuran,Kentang,2020,0,ton,csv
Banjarnegara,sayuran,Kubis,2020,0,ton,csv
Banjarnegara,sayuran,Petsai,2020,0,ton,csv
Banjarnegara,sayuran,Tomat,2020,0,ton,csv
Banjarnegara,sayuran,Bawang Putih,2020,0,ton,csv
Banjarnegara,sayuran,Cabai Rawit,2020,0,ton,csv
Banjarnegara,buah_tahunan,Mangga,2020,11.9,ton,csv
Banjarnegara,buah_tahunan,Durian,2020,28,ton,csv
Banjarnegara,buah_tahunan,Jeruk Besar,2020,0,ton,csv
Banjarnegara,buah_tahunan,Pisang,2020,48.3,ton,csv
Banjarnegara,buah_tahunan,Pepaya,2020,23.1,ton,csv
Banjarnegara,buah_tahunan,Salak,2020,2880.5,ton,csv
Banjarnegara,buah_tahunan,Jeruk Siam,2020,0,ton,csv
Banjarnegara,tanaman_hias,Agloenema,2020,0,tangkai,csv
Banjarnegara,tanaman_hias,Krisan,2020,0,tangkai,csv
Banjarnegara,tanaman_hias,Mawar,2020,0,tangkai,csv
Banjarnegara,tanaman_hias,Soka,2020,0,tangkai,csv
Banjarnegara,biofarmaka,Jahe,2020,0,tangkai,csv
Banjarnegara,biofarmaka,Laos,2020,17500,tangkai,csv
Banjarnegara,biofarmaka,Kencur,2020,0,tangkai,csv
Banjarnegara,biofarmaka,Kunyit,2020,10000,tangkai,csv
Banjarnegara,sayuran,Bawang Merah,2021,0,ton,csv
Banjarnegara,sayuran,Cabai Besar,2021,0,ton,csv
Banjarnegara,sayuran,Kentang,2021,0,ton,csv
Banjarnegara,sayuran,Kubis,2021,0,ton,csv
Banjarnegara,sayuran,Petsai,2021,0,ton,csv
Banjarnegara,sayuran,Tomat,2021,0,ton,csv
Banjarnegara,sayuran,Bawang Putih,2021,0,ton,csv
Banjarnegara,sayuran,Cabai Rawit,2021,0,ton,csv
Banjarnegara,buah_tahunan,Mangga,2021,2,ton,csv
Banjarnegara,buah_tahunan,Durian,2021,19,ton,csv
Banjarnegara,buah_tahunan,Jeruk Besar,2021,0,ton,csv
Banjarnegara,buah_tahunan,Pisang,2021,46.5,ton,csv
Banjarnegara,buah_tahunan,Pepaya,2021,13.9,ton,csv
Banjarnegara,buah_tahunan,Salak,2021,8620,ton,csv
Banjarnegara,buah_tahunan,Jeruk Siam,2021,0,ton,csv
Banjarnegara,tanaman_hias,Agloenema,2021,0,tangkai,csv
Banjarnegara,tanaman_hias,Krisan,2021,0,tangkai,csv
Banjarnegara,tanaman_hias,Mawar,2021,0,tangkai,csv
Banjarnegara,tanaman_hias,Soka,2021,0,tangkai,csv
Banjarnegara,biofarmaka,Jahe,2021,0,tangkai,csv
Banjarnegara,biofarmaka,Laos,2021,4000,tangkai,csv
Banjarnegara,biofarmaka,Kencur,2021,0,tangkai,csv
Banjarnegara,biofarmaka,Kunyit,2021,4000,tangkai,csv
Banjarnegara,sayuran,Bawang Merah,2022,0,ton,csv
Banjarnegara,sayuran,Cabai Besar,2022,0,ton,csv
Banjarnegara,sayuran,Kentang,2022,0,ton,csv
Banjarnegara,sayuran,Kubis,2022,0,ton,csv
Banjarnegara,sayuran,Petsai,2022,0,ton,csv
Banjarnegara,sayuran,Tomat,2022,0,ton,csv
Banjarnegara,sayuran,Bawang Putih,2022,0,ton,csv
Banjarnegara,sayuran,Cabai Rawit,2022,0,ton,csv
Banjarnegara,buah_tahunan,Mangga,2022,0,ton,csv
Banjarnegara,buah_tahunan,Durian,2022,21.8,ton,csv
Banjarnegara,buah_tahunan,Jeruk Besar,2022,0,ton,csv
Banjarnegara,buah_tahunan,Pisang,2022,173.6,ton,csv
Banjarnegara,buah_tahunan,Pepaya,2022,8,ton,csv
Banjarnegara,buah_tahunan,Salak,2022,5798.3,ton,csv
Banjarnegara,buah_tahunan,Jeruk Siam,2022,5.9,ton,csv
Banjarnegara,tanaman_hias,Agloenema,2022,0,tangkai,csv
Banjarnegara,tanaman_hias,Krisan,2022,0,tangkai,csv
Banjarnegara,tanaman_hias,Mawar,2022,0,tangkai,csv
Banjarnegara,tanaman_hias,Soka,2022,0,tangkai,csv
Banjarnegara,biofarmaka,Jahe,2022,1050,tangkai,csv
Banjarnegara,biofarmaka,Laos,2022,1600,tangkai,csv
Banjarnegara,biofarmaka,Kencur,2022,0,tangkai,csv
Banjarnegara,biofarmaka,Kunyit,2022,2150,tangkai,csv
Banjarnegara,sayuran,Bawang Merah,2023,0,ton,csv
Banjarnegara,sayuran,Cabai Besar,2023,0,ton,csv
Banjarnegara,sayuran,Kentang,2023,0,ton,csv
Banjarnegara,sayuran,Kubis,2023,0,ton,csv
Banjarnegara,sayuran,Petsai,2023,0,ton,csv
Banjarnegara,sayuran,Tomat,2023,0,ton,csv
Banjarnegara,sayuran,Bawang Putih,2023,0,ton,csv
Banjarnegara,sayuran,Cabai Rawit,2023,1.32,ton,csv
Banjarnegara,buah_tahunan,Mangga,2023,0,ton,csv
Banjarnegara,buah_tahunan,Durian,2023,54.75,ton,csv
Banjarnegara,buah_tahunan,Pisang,2023,42.4,ton,csv
Banjarnegara,buah_tahunan,Pepaya,2023,7.92,ton,csv
Banjarnegara,buah_tahunan,Salak,2023,2133.5,ton,csv
Banjarnegara,buah_tahunan,Jeruk Siam,2023,1.9,ton,csv
Banjarnegara,tanaman_hias,Agloenema,2023,0,tangkai,csv
Banjarnegara,tanaman_hias,Krisan,2023,0,tangkai,csv
Banjarnegara,tanaman_hias,Mawar,2023,0,tangkai,csv
Banjarnegara,tanaman_hias,Soka,2023,0,tangkai,csv
Banjarnegara,biofarmaka,Jahe,2023,9700,tangkai,csv
Banjarnegara,biofarmaka,Laos,2023,2690,tangkai,csv
Banjarnegara,biofarmaka,Kencur,2023,0,tangkai,csv
Banjarnegara,biofarmaka,Kunyit,2023,5200,tangkai,csv
Banjarnegara,sayuran,Bawang Merah,2024,0,ton,csv
Banjarnegara,sayuran,Cabai Besar,2024,0,ton,csv
Banjarnegara,sayuran,Kentang,2024,0,ton,csv
Banjarnegara,sayuran,Kubis,2024,0,ton,csv
Banjarnegara,sayuran,Petsai,2024,0,ton,csv
Banjarnegara,sayuran,Tomat,2024,0,ton,csv
Banjarnegara,sayuran,Bawang Putih,2024,0,ton,csv
Banjarnegara,sayuran,Cabai Rawit,2024,3.7,ton,csv
Banjarnegara,buah_tahunan,Mangga,2024,0,ton,csv
Banjarnegara,buah_tahunan,Durian,2024,60,ton,csv
Banjarnegara,buah_tahunan,Jeruk Besar,2024,0,ton,csv
Banjarnegara,buah_tahunan,Pisang,2024,68.5,ton,csv
Banjarnegara,buah_tahunan,Pepaya,2024,5.2,ton,csv
Banjarnegara,buah_tahunan,Salak,2024,2494.68,ton,csv
Banjarnegara,buah_tahunan,Jeruk Siam,2024,4,ton,csv
Banjarnegara,tanaman_hias,Agloenema,2024,0,tangkai,csv
Banjarnegara,tanaman_hias,Krisan,2024,0,tangkai,csv
Banjarnegara,tanaman_hias,Mawar,2024,0,tangkai,csv
Banjarnegara,tanaman_hias,Soka,2024,0,tangkai,csv
Banjarnegara,biofarmaka,Jahe,2024,4700,tangkai,csv
Banjarnegara,biofarmaka,Laos,2024,600,tangkai,csv
Banjarnegara,biofarmaka,Kencur,2024,0,tangkai,csv
Banjarnegara,biofarmaka,Kunyit,2024,500,tangkai,csv
Batur,sayuran,Bawang Merah,2017,0,ton,csv
Batur,sayuran,Cabai Besar,2017,0,ton,csv
Batur,sayuran,Kentang,2017,79393.4,ton,csv
Batur,sayuran,Kubis,2017,36047.5,ton,csv
Batur,sayuran,Petsai,2017,0,ton,csv
Batur,sayuran,Tomat,2017,0,ton,csv
Batur,sayuran,Bawang Putih,2017,0,ton,csv
Batur,sayuran,Cabai Rawit,2017,0,ton,csv
Batur,buah_tahunan,Mangga,2017,0,ton,csv
Batur,buah_tahunan,Durian,2017,0,ton,csv
Batur,buah_tahunan,Pisang,2017,43.8,ton,csv
Batur,buah_tahunan,Pepaya,2017,24619.8,ton,csv
Batur,buah_tahunan,Salak,2017,0,ton,csv
Batur,sayuran,Bawang Merah,2018,44.4,ton,csv
Batur,sayuran,Cabai Besar,2018,0,ton,csv
Batur,sayuran,Kentang,2018,72574.5,ton,csv
Batur,sayuran,Kubis,2018,47245,ton,csv
Batur,sayuran,Petsai,2018,0,ton,csv
Batur,sayuran,Tomat,2018,0,ton,csv
Batur,sayuran,Bawang Putih,2018,0,ton,csv
Batur,sayuran,Cabai Rawit,2018,0,ton,csv
Batur,buah_tahunan,Mangga,2018,0,ton,csv
Batur,buah_tahunan,Durian,2018,0,ton,csv
Batur,buah_tahunan,Jeruk Besar,2018,0,ton,csv
Batur,buah_tahunan,Pisang,2018,67.2,ton,csv
Batur,buah_tahunan,Pepaya,2018,26249.8,ton,csv
Batur,buah_tahunan,Salak,2018,0,ton,csv
Batur,buah_tahunan,Jeruk Siam,2018,0,ton,csv
Batur,sayuran,Bawang Merah,2019,3.8,ton,csv
Batur,sayuran,Cabai Besar,2019,0,ton,csv
Batur,sayuran,Kentang,2019,65216,ton,csv
Batur,sayuran,Kubis,2019,60134.5,ton,csv
Batur,sayuran,Petsai,2019,0,ton,csv
Batur,sayuran,Tomat,2019,0,ton,csv
Batur,sayuran,Bawang Putih,2019,0,ton,csv
Batur,sayuran,Cabai Rawit,2019,0,ton,csv
Batur,buah_tahunan,Mangga,2019,0,ton,csv
Batur,buah_tahunan,Durian,2019,0,ton,csv
Batur,buah_tahunan,Jeruk Besar,2019,0,ton,csv
Batur,buah_tahunan,Pisang,2019,6.4,ton,csv
Batur,buah_tahunan,Pepaya,2019,18215.9,ton,csv
Batur,buah_tahunan,Salak,2019,0,ton,csv
Batur,buah_tahunan,Jeruk Siam,2019,0,ton,csv
Batur,tanaman_hias,Agloenema,2019,0,tangkai,csv
Batur,tanaman_hias,Krisan,2019,0,tangkai,csv
Batur,tanaman_hias,Mawar,2019,0,tangkai,csv
Batur,tanaman_hias,Soka,2019,0,tangkai,csv
Batur,biofarmaka,Jahe,2019,0,tangkai,csv
Batur,biofarmaka,Laos,2019,0,tangkai,csv
Batur,biofarmaka,Kencur,2019,0,tangkai,csv
Batur,biofarmaka,Kunyit,2019,0,tangkai,csv
Batur,sayuran,Bawang Merah,2020,41.8,ton,csv
Batur,sayuran,Cabai Besar,2020,0,ton,csv
Batur,sayuran,Kentang,2020,73473.4,ton,csv
Batur,sayuran,Kubis,2020,41480,ton,csv
Batur,sayuran,Petsai,2020,0,ton,csv
Batur,sayuran,Tomat,2020,0,ton,csv
Batur,sayuran,Bawang Putih,2020,409.5,ton,csv
Batur,sayuran,Cabai Rawit,2020,0,ton,csv
Batur,buah_tahunan,Mangga,2020,0,ton,csv
Batur,buah_tahunan,Durian,2020,0,ton,csv
Batur,buah_tahunan,Jeruk Besar,2020,0,ton,csv
Batur,buah_tahunan,Pisang,2020,6.9,ton,csv
Batur,buah_tahunan,Pepaya,2020,25784,ton,csv
Batur,buah_tahunan,Salak,2020,0,ton,csv
Batur,buah_tahunan,Jeruk Siam,2020,0,ton,csv
Batur,tanaman_hias,Agloenema,2020,0,tangkai,csv
Batur,tanaman_hias,Krisan,2020,0,tangkai,csv
Batur,tanaman_hias,Mawar,2020,0,tangkai,csv
Batur,tanaman_hias,Soka,2020,0,tangkai,csv
Batur,biofarmaka,Jahe,2020,0,tangkai,csv
Batur,biofarmaka,Laos,2020,0,tangkai,csv
Batur,biofarmaka,Kencur,2020,0,tangkai,csv
Batur,biofarmaka,Kunyit,2020,0,tangkai,csv
Batur,sayuran,Bawang Merah,2021,0,ton,csv
Batur,sayuran,Cabai Besar,2021,0,ton,csv
Batur,sayuran,Kentang,2021,66684,ton,csv
Batur,sayuran,Kubis,2021,25486,ton,csv
Batur,sayuran,Petsai,2021,0,ton,csv
Batur,sayuran,Tomat,2021,0,ton,csv
Batur,sayuran,Bawang Putih,2021,0,ton,csv
Batur,sayuran,Cabai Rawit,2021,0,ton,csv
Batur,buah_tahunan,Mangga,2021,0,ton,csv
Batur,buah_tahunan,Durian,2021,0,ton,csv
Batur,buah_tahunan,Jeruk Besar,2021,0,ton,csv
Batur,buah_tahunan,Pisang,2021,97.1,ton,csv
Batur,buah_tahunan,Pepaya,2021,20197.6,ton,csv
Batur,buah_tahunan,Salak,2021,0,ton,csv
Batur,buah_tahunan,Jeruk Siam,2021,0,ton,csv
Batur,tanaman_hias,Agloenema,2021,0,tangkai,csv
Batur,tanaman_hias,Krisan,2021,0,tangkai,csv
Batur,tanaman_hias,Mawar,2021,0,tangkai,csv
Batur,tanaman_hias,Soka,2021,0,tangkai,csv
Batur,biofarmaka,Jahe,2021,0,tangkai,csv
Batur,biofarmaka,Laos,2021,0,tangkai,csv
Batur,biofarmaka,Kencur,2021,0,tangkai,csv
Batur,biofarmaka,Kunyit,2021,0,tangkai,csv
Batur,sayuran,Bawang Merah,2022,0,ton,csv
Batur,sayuran,Cabai Besar,2022,0,ton,csv
Batur,sayuran,Kentang,2022,82765,ton,csv
Batur,sayuran,Kubis,2022,25795,ton,csv
Batur,sayuran,Petsai,2022,0,ton,csv
Batur,sayuran,Tomat,2022,0,ton,csv
Batur,sayuran,Bawang Putih,2022,0,ton,csv
Batur,sayuran,Cabai Rawit,2022,0,ton,csv
Batur,buah_tahunan,Mangga,2022,0,ton,csv
Batur,buah_tahunan,Durian,2022,0,ton,csv
Batur,buah_tahunan,Jeruk Besar,2022,0,ton,csv
Batur,buah_tahunan,Pisang,2022,120.4,ton,csv
Batur,buah_tahunan,Pepaya,2022,2787.6,ton,csv
Batur,buah_tahunan,Salak,2022,0,ton,csv
Batur,buah_tahunan,Jeruk Siam,2022,0,ton,csv
Batur,tanaman_hias,Agloenema,2022,0,tangkai,csv
Batur,tanaman_hias,Krisan,2022,0,tangkai,csv
Batur,tanaman_hias,Mawar,2022,0,tangkai,csv
Batur,tanaman_hias,Soka,2022,0,tangkai,csv
Batur,biofarmaka,Jahe,2022,0,tangkai,csv
Batur,biofarmaka,Laos,2022,0,tangkai,csv
Batur,biofarmaka,Kencur,2022,0,tangkai,csv
Batur,biofarmaka,Kunyit,2022,0,tangkai,csv
Batur,sayuran,Bawang Merah,2023,0,ton,csv
Batur,sayuran,Cabai Besar,2023,0,ton,csv
Batur,sayuran,Kentang,2023,55245,ton,csv
Batur,sayuran,Kubis,2023,22025,ton,csv
Batur,sayuran,Petsai,2023,0,ton,csv
Batur,sayuran,Tomat,2023,0,ton,csv
Batur,sayuran,Bawang Putih,2023,0,ton,csv
Batur,buah_tahunan,Mangga,2023,0,ton,csv
Batur,buah_tahunan,Durian,2023,0,ton,csv
Batur,buah_tahunan,Pisang,2023,79.03,ton,csv
Batur,buah_tahunan,Pepaya,2023,568.37,ton,csv
Batur,buah_tahunan,Salak,2023,0,ton,csv
Batur,buah_tahunan,Jeruk Siam,2023,0,ton,csv
Batur,tanaman_hias,Agloenema,2023,0,tangkai,csv
Batur,tanaman_hias,Krisan,2023,0,tangkai,csv
Batur,tanaman_hias,Mawar,2023,0,tangkai,csv
Batur,tanaman_hias,Soka,2023,0,tangkai,csv
Batur,biofarmaka,Jahe,2023,0,tangkai,csv
Batur,biofarmaka,Laos,2023,0,tangkai,csv
Batur,biofarmaka,Kencur,2023,0,tangkai,csv
Batur,biofarmaka,Kunyit,2023,0,tangkai,csv
Batur,sayuran,Bawang Merah,2024,0,ton,csv
Batur,sayuran,Cabai Besar,2024,0,ton,csv
Batur,sayuran,Kentang,2024,110300,ton,csv
Batur,sayuran,Kubis,2024,16310,ton,csv
Batur,sayuran,Petsai,2024,0,ton,csv
Batur,sayuran,Tomat,2024,0,ton,csv
Batur,sayuran,Bawang Putih,2024,0,ton,csv
Batur,sayuran,Cabai Rawit,2024,0,ton,csv
Batur,buah_tahunan,Mangga,2024,0,ton,csv
Batur,buah_tahunan,Durian,2024,0,ton,csv
Batur,buah_tahunan,Jeruk Besar,2024,0,ton,csv
Batur,buah_tahunan,Pisang,2024,85.76,ton,csv
Batur,buah_tahunan,Pepaya,2024,568.73,ton,csv
Batur,buah_tahunan,Salak,2024,0,ton,csv
Batur,buah_tahunan,Jeruk Siam,2024,0,ton,csv
Batur,tanaman_hias,Agloenema,2024,0,tangkai,csv
Batur,tanaman_hias,Krisan,2024,0,tangkai,csv
Batur,tanaman_hias,Mawar,2024,0,tangkai,csv
Batur,tanaman_hias,Soka,2024,0,tangkai,csv
Batur,biofarmaka,Jahe,2024,0,tangkai,csv
Batur,biofarmaka,Laos,2024,0,tangkai,csv
Batur,biofarmaka,Kencur,2024,0,tangkai,csv
Batur,biofarmaka,Kunyit,2024,0,tangkai,csv
Bawang,sayuran,Bawang Merah,2017,0,ton,csv
Bawang,sayuran,Cabai Besar,2017,0,ton,csv
Bawang,sayuran,Kentang,2017,0,ton,csv
Bawang,sayuran,Kubis,2017,0,ton,csv
Bawang,sayuran,Petsai,2017,0,ton,csv
Bawang,sayuran,Tomat,2017,256.7,ton,csv
Bawang,sayuran,Bawang Putih,2017,0,ton,csv
Bawang,sayuran,Cabai Rawit,2017,0,ton,csv
Bawang,buah_tahunan,Mangga,2017,4.4,ton,csv
Bawang,buah_tahunan,Durian,2017,51.3,ton,csv
Bawang,buah_tahunan,Pisang,2017,70.7,ton,csv
Bawang,buah_tahunan,Pepaya,2017,55.1,ton,csv
Bawang,buah_tahunan,Salak,2017,188.2,ton,csv
Bawang,sayuran,Bawang Merah,2018,0,ton,csv
Bawang,sayuran,Cabai Besar,2018,222.7,ton,csv
Bawang,sayuran,Kentang,2018,0,ton,csv
Bawang,sayuran,Kubis,2018,0,ton,csv
Bawang,sayuran,Petsai,2018,0,ton,csv
Bawang,sayuran,Tomat,2018,269.8,ton,csv
Bawang,sayuran,Bawang Putih,2018,0,ton,csv
Bawang,sayuran,Cabai Rawit,2018,59,ton,csv
Bawang,buah_tahunan,Mangga,2018,14.5,ton,csv
Bawang,buah_tahunan,Durian,2018,11.5,ton,csv
Bawang,buah_tahunan,Jeruk Besar,2018,0,ton,csv
Bawang,buah_tahunan,Pisang,2018,103.4,ton,csv
Bawang,buah_tahunan,Pepaya,2018,120.4,ton,csv
Bawang,buah_tahunan,Salak,2018,167,ton,csv
Bawang,buah_tahunan,Jeruk Siam,2018,0,ton,csv
Bawang,sayuran,Bawang Merah,2019,2.9,ton,csv
Bawang,sayuran,Cabai Besar,2019,455.3,ton,csv
Bawang,sayuran,Kentang,2019,0,ton,csv
Bawang,sayuran,Kubis,2019,0,ton,csv
Bawang,sayuran,Petsai,2019,0,ton,csv
Bawang,sayuran,Tomat,2019,161.5,ton,csv
Bawang,sayuran,Bawang Putih,2019,0,ton,csv
Bawang,sayuran,Cabai Rawit,2019,279.9,ton,csv
Bawang,buah_tahunan,Mangga,2019,8.6,ton,csv
Bawang,buah_tahunan,Durian,2019,12.2,ton,csv
Bawang,buah_tahunan,Jeruk Besar,2019,0,ton,csv
Bawang,buah_tahunan,Pisang,2019,92.1,ton,csv
Bawang,buah_tahunan,Pepaya,2019,92,ton,csv
Bawang,buah_tahunan,Salak,2019,45.1,ton,csv
Bawang,buah_tahunan,Jeruk Siam,2019,0,ton,csv
Bawang,tanaman_hias,Agloenema,2019,0,tangkai,csv
Bawang,tanaman_hias,Krisan,2019,0,tangkai,csv
Bawang,tanaman_hias,Mawar,2019,0,tangkai,csv
Bawang,tanaman_hias,Soka,2019,0,tangkai,csv
Bawang,biofarmaka,Jahe,2019,187500,tangkai,csv
Bawang,biofarmaka,Laos,2019,82000,tangkai,csv
Bawang,biofarmaka,Kencur,2019,80000,tangkai,csv
Bawang,biofarmaka,Kunyit,2019,66000,tangkai,csv
Bawang,sayuran,Bawang Merah,2020,7.9,ton,csv
Bawang,sayuran,Cabai Besar,2020,169.5,ton,csv
Bawang,sayuran,Kentang,2020,0,ton,csv
Bawang,sayuran,Kubis,2020,0,ton,csv
Bawang,sayuran,Petsai,2020,0,ton,csv
Bawang,sayuran,Tomat,2020,464.1,ton,csv
Bawang,sayuran,Bawang Putih,2020,0,ton,csv
Bawang,sayuran,Cabai Rawit,2020,151.8,ton,csv
Bawang,buah_tahunan,Mangga,2020,0,ton,csv
Bawang,buah_tahunan,Durian,2020,1.7,ton,csv
Bawang,buah_tahunan,Jeruk Besar,2020,0,ton,csv
Bawang,buah_tahunan,Pisang,2020,123,ton,csv
Bawang,buah_tahunan,Pepaya,2020,102.2,ton,csv
Bawang,buah_tahunan,Salak,2020,9.9,ton,csv
Bawang,buah_tahunan,Jeruk Siam,2020,8.4,ton,csv
Bawang,tanaman_hias,Agloenema,2020,0,tangkai,csv
Bawang,tanaman_hias,Krisan,2020,0,tangkai,csv
Bawang,tanaman_hias,Mawar,2020,0,tangkai,csv
Bawang,tanaman_hias,Soka,2020,0,tangkai,csv
Bawang,biofarmaka,Jahe,2020,0,tangkai,csv
Bawang,biofarmaka,Laos,2020,0,tangkai,csv
Bawang,biofarmaka,Kencur,2020,78000,tangkai,csv
Bawang,biofarmaka,Kunyit,2020,36000,tangkai,csv
Bawang,sayuran,Bawang Merah,2021,0,ton,csv
Bawang,sayuran,Cabai Besar,2021,160,ton,csv
Bawang,sayuran,Kentang,2021,0,ton,csv
Bawang,sayuran,Kubis,2021,0,ton,csv
Bawang,sayuran,Petsai,2021,0,ton,csv
Bawang,sayuran,Tomat,2021,389.8,ton,csv
Bawang,sayuran,Bawang Putih,2021,0,ton,csv
Bawang,sayuran,Cabai Rawit,2021,49.6,ton,csv
Bawang,buah_tahunan,Mangga,2021,1.6,ton,csv
Bawang,buah_tahunan,Durian,2021,0.8,ton,csv
Bawang,buah_tahunan,Jeruk Besar,2021,0,ton,csv
Bawang,buah_tahunan,Pisang,2021,514.2,ton,csv
Bawang,buah_tahunan,Pepaya,2021,147.1,ton,csv
Bawang,buah_tahunan,Salak,2021,34.3,ton,csv
Bawang,buah_tahunan,Jeruk Siam,2021,0,ton,csv
Bawang,tanaman_hias,Agloenema,2021,0,tangkai,csv
Bawang,tanaman_hias,Krisan,2021,0,tangkai,csv
Bawang,tanaman_hias,Mawar,2021,0,tangkai,csv
Bawang,tanaman_hias,Soka,2021,0,tangkai,csv
Bawang,biofarmaka,Jahe,2021,169000,tangkai,csv
Bawang,biofarmaka,Laos,2021,47125,tangkai,csv
Bawang,biofarmaka,Kencur,2021,90000,tangkai,csv
Bawang,biofarmaka,Kunyit,2021,60000,tangkai,csv
Bawang,sayuran,Bawang Merah,2022,0,ton,csv
Bawang,sayuran,Cabai Besar,2022,208.2,ton,csv
Bawang,sayuran,Kentang,2022,0,ton,csv
Bawang,sayuran,Kubis,2022,0,ton,csv
Bawang,sayuran,Petsai,2022,0,ton,csv
Bawang,sayuran,Tomat,2022,143.5,ton,csv
Bawang,sayuran,Bawang Putih,2022,0,ton,csv
Bawang,sayuran,Cabai Rawit,2022,67.6,ton,csv
Bawang,buah_tahunan,Mangga,2022,0,ton,csv
Bawang,buah_tahunan,Durian,2022,0.7,ton,csv
Bawang,buah_tahunan,Jeruk Besar,2022,0,ton,csv
Bawang,buah_tahunan,Pisang,2022,435.5,ton,csv
Bawang,buah_tahunan,Pepaya,2022,8.9,ton,csv
Bawang,buah_tahunan,Salak,2022,2.5,ton,csv
Bawang,buah_tahunan,Jeruk Siam,2022,0,ton,csv
Bawang,tanaman_hias,Agloenema,2022,0,tangkai,csv
Bawang,tanaman_hias,Krisan,2022,0,tangkai,csv
Bawang,tanaman_hias,Mawar,2022,0,tangkai,csv
Bawang,tanaman_hias,Soka,2022,0,tangkai,csv
Bawang,biofarmaka,Jahe,2022,190800,tangkai,csv
Bawang,biofarmaka,Laos,2022,169960,tangkai,csv
Bawang,biofarmaka,Kencur,2022,23500,tangkai,csv
Bawang,biofarmaka,Kunyit,2022,36958,tangkai,csv
Bawang,sayuran,Bawang Merah,2023,0,ton,csv
Bawang,sayuran,Cabai Besar,2023,691.1,ton,csv
Bawang,sayuran,Kentang,2023,0,ton,csv
Bawang,sayuran,Kubis,2023,0,ton,csv
Bawang,sayuran,Petsai,2023,0,ton,csv
Bawang,sayuran,Tomat,2023,87.4,ton,csv
Bawang,sayuran,Bawang Putih,2023,0,ton,csv
Bawang,sayuran,Cabai Rawit,2023,679.96,ton,csv
Bawang,buah_tahunan,Mangga,2023,0,ton,csv
Bawang,buah_tahunan,Durian,2023,32.4,ton,csv
Bawang,buah_tahunan,Pisang,2023,24.57,ton,csv
Bawang,buah_tahunan,Pepaya,2023,15,ton,csv
Bawang,buah_tahunan,Salak,2023,35.02,ton,csv
Bawang,buah_tahunan,Jeruk Siam,2023,0,ton,csv
Bawang,tanaman_hias,Agloenema,2023,0,tangkai,csv
Bawang,tanaman_hias,Krisan,2023,0,tangkai,csv
Bawang,tanaman_hias,Mawar,2023,0,tangkai,csv
Bawang,tanaman_hias,Soka,2023,0,tangkai,csv
Bawang,biofarmaka,Jahe,2023,0,tangkai,csv
Bawang,biofarmaka,Laos,2023,0,tangkai,csv
Bawang,biofarmaka,Kencur,2023,15750,tangkai,csv
Bawang,biofarmaka,Kunyit,2023,0,tangkai,csv
Bawang,sayuran,Bawang Merah,2024,0,ton,csv
Bawang,sayuran,Cabai Besar,2024,1755.9,ton,csv
Bawang,sayuran,Kentang,2024,0,ton,csv
Bawang,sayuran,Kubis,2024,0,ton,csv
Bawang,sayuran,Petsai,2024,0,ton,csv
Bawang,sayuran,Tomat,2024,270.4,ton,csv
Bawang,sayuran,Bawang Putih,2024,0,ton,csv
Bawang,sayuran,Cabai Rawit,2024,2809.5,ton,csv
Bawang,buah_tahunan,Mangga,2024,0,ton,csv
Bawang,buah_tahunan,Durian,2024,0,ton,csv
Bawang,buah_tahunan,Jeruk Besar,2024,0,ton,csv
Bawang,buah_tahunan,Pisang,2024,0,ton,csv
Bawang,buah_tahunan,Pepaya,2024,0,ton,csv
Bawang,buah_tahunan,Salak,2024,0,ton,csv
Bawang,buah_tahunan,Jeruk Siam,2024,0,ton,csv
Bawang,tanaman_hias,Agloenema,2024,0,tangkai,csv
Bawang,tanaman_hias,Krisan,2024,0,tangkai,csv
Bawang,tanaman_hias,Mawar,2024,0,tangkai,csv
Bawang,tanaman_hias,Soka,2024,0,tangkai,csv
Bawang,biofarmaka,Jahe,2024,0,tangkai,csv
Bawang,biofarmaka,Laos,2024,0,tangkai,csv
Bawang,biofarmaka,Kencur,2024,0,tangkai,csv
Bawang,biofarmaka,Kunyit,2024,0,tangkai,csv
Kalibening,sayuran,Bawang Merah,2017,0,ton,csv
Kalibening,sayuran,Cabai Besar,2017,0,ton,csv
Kalibening,sayuran,Kentang,2017,231.8,ton,csv
Kalibening,sayuran,Kubis,2017,1183.5,ton,csv
Kalibening,sayuran,Petsai,2017,0,ton,csv
Kalibening,sayuran,Tomat,2017,212.6,ton,csv
Kalibening,sayuran,Bawang Putih,2017,0,ton,csv
Kalibening,sayuran,Cabai Rawit,2017,0,ton,csv
Kalibening,buah_tahunan,Mangga,2017,0,ton,csv
Kalibening,buah_tahunan,Durian,2017,0,ton,csv
Kalibening,buah_tahunan,Pisang,2017,147,ton,csv
Kalibening,buah_tahunan,Pepaya,2017,14.3,ton,csv
Kalibening,buah_tahunan,Salak,2017,5100,ton,csv
Kalibening,sayuran,Bawang Merah,2018,0,ton,csv
Kalibening,sayuran,Cabai Besar,2018,250,ton,csv
Kalibening,sayuran,Kentang,2018,221.2,ton,csv
Kalibening,sayuran,Kubis,2018,972,ton,csv
Kalibening,sayuran,Petsai,2018,0,ton,csv
Kalibening,sayuran,Tomat,2018,83.3,ton,csv
Kalibening,sayuran,Bawang Putih,2018,0,ton,csv
Kalibening,sayuran,Cabai Rawit,2018,67,ton,csv
Kalibening,buah_tahunan,Mangga,2018,0,ton,csv
Kalibening,buah_tahunan,Durian,2018,0,ton,csv
Kalibening,buah_tahunan,Jeruk Besar,2018,0,ton,csv
Kalibening,buah_tahunan,Pisang,2018,280,ton,csv
Kalibening,buah_tahunan,Pepaya,2018,8.1,ton,csv
Kalibening,buah_tahunan,Salak,2018,12000,ton,csv
Kalibening,buah_tahunan,Jeruk Siam,2018,0,ton,csv
Kalibening,sayuran,Bawang Merah,2019,0,ton,csv
Kalibening,sayuran,Cabai Besar,2019,308,ton,csv
Kalibening,sayuran,Kentang,2019,624,ton,csv
Kalibening,sayuran,Kubis,2019,900,ton,csv
Kalibening,sayuran,Petsai,2019,135,ton,csv
Kalibening,sayuran,Tomat,2019,156.8,ton,csv
Kalibening,sayuran,Bawang Putih,2019,0,ton,csv
Kalibening,sayuran,Cabai Rawit,2019,112.2,ton,csv
Kalibening,buah_tahunan,Mangga,2019,0,ton,csv
Kalibening,buah_tahunan,Durian,2019,0,ton,csv
Kalibening,buah_tahunan,Jeruk Besar,2019,0,ton,csv
Kalibening,buah_tahunan,Pisang,2019,308,ton,csv
Kalibening,buah_tahunan,Pepaya,2019,9.3,ton,csv
Kalibening,buah_tahunan,Salak,2019,12000,ton,csv
Kalibening,buah_tahunan,Jeruk Siam,2019,0,ton,csv
Kalibening,tanaman_hias,Agloenema,2019,0,tangkai,csv
Kalibening,tanaman_hias,Krisan,2019,0,tangkai,csv
Kalibening,tanaman_hias,Mawar,2019,0,tangkai,csv
Kalibening,tanaman_hias,Soka,2019,0,tangkai,csv
Kalibening,biofarmaka,Jahe,2019,1400,tangkai,csv
Kalibening,biofarmaka,Laos,2019,900,tangkai,csv
Kalibening,biofarmaka,Kencur,2019,1200,tangkai,csv
Kalibening,biofarmaka,Kunyit,2019,3200,tangkai,csv
Kalibening,sayuran,Bawang Merah,2020,0,ton,csv
Kalibening,sayuran,Cabai Besar,2020,644,ton,csv
Kalibening,sayuran,Kentang,2020,364,ton,csv
Kalibening,sayuran,Kubis,2020,2975,ton,csv
Kalibening,sayuran,Petsai,2020,400,ton,csv
Kalibening,sayuran,Tomat,2020,227.9,ton,csv
Kalibening,sayuran,Bawang Putih,2020,14,ton,csv
Kalibening,sayuran,Cabai Rawit,2020,241.2,ton,csv
Kalibening,buah_tahunan,Mangga,2020,0,ton,csv
Kalibening,buah_tahunan,Durian,2020,0,ton,csv
Kalibening,buah_tahunan,Jeruk Besar,2020,0,ton,csv
Kalibening,buah_tahunan,Pisang,2020,896,ton,csv
Kalibening,buah_tahunan,Pepaya,2020,11.6,ton,csv
Kalibening,buah_tahunan,Salak,2020,14420,ton,csv
Kalibening,buah_tahunan,Jeruk Siam,2020,0,ton,csv
Kalibening,tanaman_hias,Agloenema,2020,0,tangkai,csv
Kalibening,tanaman_hias,Krisan,2020,0,tangkai,csv
Kalibening,tanaman_hias,Mawar,2020,0,tangkai,csv
Kalibening,tanaman_hias,Soka,2020,0,tangkai,csv
Kalibening,biofarmaka,Jahe,2020,0,tangkai,csv
Kalibening,biofarmaka,Laos,2020,1200,tangkai,csv
Kalibening,biofarmaka,Kencur,2020,450,tangkai,csv
Kalibening,biofarmaka,Kunyit,2020,3600,tangkai,csv
Kalibening,sayuran,Bawang Merah,2021,0,ton,csv
Kalibening,sayuran,Cabai Besar,2021,560,ton,csv
Kalibening,sayuran,Kentang,2021,481,ton,csv
Kalibening,sayuran,Kubis,2021,1421,ton,csv
Kalibening,sayuran,Petsai,2021,175,ton,csv
Kalibening,sayuran,Tomat,2021,349.8,ton,csv
Kalibening,sayuran,Bawang Putih,2021,0,ton,csv
Kalibening,sayuran,Cabai Rawit,2021,156,ton,csv
Kalibening,buah_tahunan,Mangga,2021,0,ton,csv
Kalibening,buah_tahunan,Durian,2021,0,ton,csv
Kalibening,buah_tahunan,Jeruk Besar,2021,0,ton,csv
Kalibening,buah_tahunan,Pisang,2021,694,ton,csv
Kalibening,buah_tahunan,Pepaya,2021,31.9,ton,csv
Kalibening,buah_tahunan,Salak,2021,9840,ton,csv
Kalibening,buah_tahunan,Jeruk Siam,2021,0,ton,csv
Kalibening,tanaman_hias,Agloenema,2021,0,tangkai,csv
Kalibening,tanaman_hias,Krisan,2021,0,tangkai,csv
Kalibening,tanaman_hias,Mawar,2021,0,tangkai,csv
Kalibening,tanaman_hias,Soka,2021,0,tangkai,csv
Kalibening,biofarmaka,Jahe,2021,2600,tangkai,csv
Kalibening,biofarmaka,Laos,2021,2400,tangkai,csv
Kalibening,biofarmaka,Kencur,2021,2700,tangkai,csv
Kalibening,biofarmaka,Kunyit,2021,3200,tangkai,csv
Kalibening,sayuran,Bawang Merah,2022,0,ton,csv
Kalibening,sayuran,Cabai Besar,2022,893,ton,csv
Kalibening,sayuran,Kentang,2022,267,ton,csv
Kalibening,sayuran,Kubis,2022,941,ton,csv
Kalibening,sayuran,Petsai,2022,220,ton,csv
Kalibening,sayuran,Tomat,2022,266.4,ton,csv
Kalibening,sayuran,Bawang Putih,2022,0,ton,csv
Kalibening,sayuran,Cabai Rawit,2022,385,ton,csv
Kalibening,buah_tahunan,Mangga,2022,0,ton,csv
Kalibening,buah_tahunan,Durian,2022,0,ton,csv
Kalibening,buah_tahunan,Jeruk Besar,2022,0,ton,csv
Kalibening,buah_tahunan,Pisang,2022,210,ton,csv
Kalibening,buah_tahunan,Pepaya,2022,47.8,ton,csv
Kalibening,buah_tahunan,Salak,2022,9600,ton,csv
Kalibening,buah_tahunan,Jeruk Siam,2022,0,ton,csv
Kalibening,tanaman_hias,Agloenema,2022,0,tangkai,csv
Kalibening,tanaman_hias,Krisan,2022,0,tangkai,csv
Kalibening,tanaman_hias,Mawar,2022,0,tangkai,csv
Kalibening,tanaman_hias,Soka,2022,0,tangkai,csv
Kalibening,biofarmaka,Jahe,2022,2400,tangkai,csv
Kalibening,biofarmaka,Laos,2022,2200,tangkai,csv
Kalibening,biofarmaka,Kencur,2022,3600,tangkai,csv
Kalibening,biofarmaka,Kunyit,2022,3852,tangkai,csv
Kalibening,sayuran,Bawang Merah,2023,0,ton,csv
Kalibening,sayuran,Cabai Besar,2023,1326.2,ton,csv
Kalibening,sayuran,Kentang,2023,237.4,ton,csv
Kalibening,sayuran,Kubis,2023,1135.8,ton,csv
Kalibening,sayuran,Petsai,2023,130.3,ton,csv
Kalibening,sayuran,Tomat,2023,198.2,ton,csv
Kalibening,sayuran,Bawang Putih,2023,0,ton,csv
Kalibening,sayuran,Cabai Rawit,2023,597.4,ton,csv
Kalibening,buah_tahunan,Mangga,2023,0,ton,csv
Kalibening,buah_tahunan,Durian,2023,0,ton,csv
Kalibening,buah_tahunan,Pisang,2023,1827,ton,csv
Kalibening,buah_tahunan,Pepaya,2023,27.12,ton,csv
Kalibening,buah_tahunan,Salak,2023,4550,ton,csv
Kalibening,buah_tahunan,Jeruk Siam,2023,0,ton,csv
Kalibening,tanaman_hias,Agloenema,2023,0,tangkai,csv
Kalibening,tanaman_hias,Krisan,2023,0,tangkai,csv
Kalibening,tanaman_hias,Mawar,2023,0,tangkai,csv
Kalibening,tanaman_hias,Soka,2023,0,tangkai,csv
Kalibening,biofarmaka,Jahe,2023,350,tangkai,csv
Kalibening,biofarmaka,Laos,2023,1200,tangkai,csv
Kalibening,biofarmaka,Kencur,2023,600,tangkai,csv
Kalibening,biofarmaka,Kunyit,2023,1200,tangkai,csv
Kalibening,sayuran,Bawang Merah,2024,0,ton,csv
Kalibening,sayuran,Cabai Besar,2024,1660.6,ton,csv
Kalibening,sayuran,Kentang,2024,197,ton,csv
Kalibening,sayuran,Kubis,2024,1495,ton,csv
Kalibening,sayuran,Petsai,2024,137,ton,csv
Kalibening,sayuran,Tomat,2024,226.45,ton,csv
Kalibening,sayuran,Bawang Putih,2024,0,ton,csv
Kalibening,sayuran,Cabai Rawit,2024,681,ton,csv
Kalibening,buah_tahunan,Mangga,2024,0,ton,csv
Kalibening,buah_tahunan,Durian,2024,0,ton,csv
Kalibening,buah_tahunan,Jeruk Besar,2024,0,ton,csv
Kalibening,buah_tahunan,Pisang,2024,16000,ton,csv
Kalibening,buah_tahunan,Pepaya,2024,642.5,ton,csv
Kalibening,buah_tahunan,Salak,2024,80880,ton,csv
Kalibening,buah_tahunan,Jeruk Siam,2024,0,ton,csv
Kalibening,tanaman_hias,Agloenema,2024,0,tangkai,csv
Kalibening,tanaman_hias,Krisan,2024,0,tangkai,csv
Kalibening,tanaman_hias,Mawar,2024,0,tangkai,csv
Kalibening,tanaman_hias,Soka,2024,0,tangkai,csv
Kalibening,biofarmaka,Jahe,2024,680,tangkai,csv
Kalibening,biofarmaka,Laos,2024,1100,tangkai,csv
Kalibening,biofarmaka,Kencur,2024,300,tangkai,csv
Kalibening,biofarmaka,Kunyit,2024,1200,tangkai,csv
Karangkobar,sayuran,Bawang Merah,2017,0,ton,csv
Karangkobar,sayuran,Cabai Besar,2017,0,ton,csv
Karangkobar,sayuran,Kentang,2017,0,ton,csv
Karangkobar,sayuran,Kubis,2017,5997.6,ton,csv
Karangkobar,sayuran,Petsai,2017,0,ton,csv
Karangkobar,sayuran,Tomat,2017,2159.6,ton,csv
Karangkobar,sayuran,Bawang Putih,2017,0,ton,csv
Karangkobar,sayuran,Cabai Rawit,2017,0,ton,csv
Karangkobar,buah_tahunan,Mangga,2017,0,ton,csv
Karangkobar,buah_tahunan,Durian,2017,7.5,ton,csv
Karangkobar,buah_tahunan,Pisang,2017,4057.1,ton,csv
Karangkobar,buah_tahunan,Pepaya,2017,0,ton,csv
Karangkobar,buah_tahunan,Salak,2017,17155.1,ton,csv
Karangkobar,sayuran,Bawang Merah,2018,0,ton,csv
Karangkobar,sayuran,Cabai Besar,2018,1018.4,ton,csv
Karangkobar,sayuran,Kentang,2018,0,ton,csv
Karangkobar,sayuran,Kubis,2018,5100,ton,csv
Karangkobar,sayuran,Petsai,2018,0,ton,csv
Karangkobar,sayuran,Tomat,2018,1270,ton,csv
Karangkobar,sayuran,Bawang Putih,2018,0,ton,csv
Karangkobar,sayuran,Cabai Rawit,2018,160,ton,csv
Karangkobar,buah_tahunan,Mangga,2018,0,ton,csv
Karangkobar,buah_tahunan,Durian,2018,0,ton,csv
Karangkobar,buah_tahunan,Jeruk Besar,2018,21.4,ton,csv
Karangkobar,buah_tahunan,Pisang,2018,2821.8,ton,csv
Karangkobar,buah_tahunan,Pepaya,2018,0,ton,csv
Karangkobar,buah_tahunan,Salak,2018,22481.7,ton,csv
Karangkobar,buah_tahunan,Jeruk Siam,2018,0,ton,csv
Karangkobar,sayuran,Bawang Merah,2019,0,ton,csv
Karangkobar,sayuran,Cabai Besar,2019,335,ton,csv
Karangkobar,sayuran,Kentang,2019,0,ton,csv
Karangkobar,sayuran,Kubis,2019,2270,ton,csv
Karangkobar,sayuran,Petsai,2019,351,ton,csv
Karangkobar,sayuran,Tomat,2019,1191,ton,csv
Karangkobar,sayuran,Bawang Putih,2019,115,ton,csv
Karangkobar,sayuran,Cabai Rawit,2019,1166.2,ton,csv
Karangkobar,buah_tahunan,Mangga,2019,0,ton,csv
Karangkobar,buah_tahunan,Durian,2019,0.3,ton,csv
Karangkobar,buah_tahunan,Jeruk Besar,2019,14.8,ton,csv
Karangkobar,buah_tahunan,Pisang,2019,935.6,ton,csv
Karangkobar,buah_tahunan,Pepaya,2019,0,ton,csv
Karangkobar,buah_tahunan,Salak,2019,12745.1,ton,csv
Karangkobar,buah_tahunan,Jeruk Siam,2019,29,ton,csv
Karangkobar,tanaman_hias,Agloenema,2019,0,tangkai,csv
Karangkobar,tanaman_hias,Krisan,2019,0,tangkai,csv
Karangkobar,tanaman_hias,Mawar,2019,0,tangkai,csv
Karangkobar,tanaman_hias,Soka,2019,0,tangkai,csv
Karangkobar,biofarmaka,Jahe,2019,1860,tangkai,csv
Karangkobar,biofarmaka,Laos,2019,0,tangkai,csv
Karangkobar,biofarmaka,Kencur,2019,0,tangkai,csv
Karangkobar,biofarmaka,Kunyit,2019,3390,tangkai,csv
Karangkobar,sayuran,Bawang Merah,2020,0,ton,csv
Karangkobar,sayuran,Cabai Besar,2020,298,ton,csv
Karangkobar,sayuran,Kentang,2020,0,ton,csv
Karangkobar,sayuran,Kubis,2020,2835,ton,csv
Karangkobar,sayuran,Petsai,2020,360,ton,csv
Karangkobar,sayuran,Tomat,2020,440,ton,csv
Karangkobar,sayuran,Bawang Putih,2020,0,ton,csv
Karangkobar,sayuran,Cabai Rawit,2020,453.2,ton,csv
Karangkobar,buah_tahunan,Mangga,2020,0,ton,csv
Karangkobar,buah_tahunan,Durian,2020,0.8,ton,csv
Karangkobar,buah_tahunan,Jeruk Besar,2020,4.2,ton,csv
Karangkobar,buah_tahunan,Pisang,2020,1491.2,ton,csv
Karangkobar,buah_tahunan,Pepaya,2020,0,ton,csv
Karangkobar,buah_tahunan,Salak,2020,18855.8,ton,csv
Karangkobar,buah_tahunan,Jeruk Siam,2020,102.5,ton,csv
Karangkobar,tanaman_hias,Agloenema,2020,0,tangkai,csv
Karangkobar,tanaman_hias,Krisan,2020,0,tangkai,csv
Karangkobar,tanaman_hias,Mawar,2020,0,tangkai,csv
Karangkobar,tanaman_hias,Soka,2020,0,tangkai,csv
Karangkobar,biofarmaka,Laos,2020,0,tangkai,csv
Karangkobar,biofarmaka,Kencur,2020,0,tangkai,csv
Karangkobar,biofarmaka,Kunyit,2020,330,tangkai,csv
Karangkobar,sayuran,Bawang Merah,2021,0,ton,csv
Karangkobar,sayuran,Cabai Besar,2021,210,ton,csv
Karangkobar,sayuran,Kentang,2021,0,ton,csv
Karangkobar,sayuran,Kubis,2021,1605,ton,csv
Karangkobar,sayuran,Petsai,2021,148,ton,csv
Karangkobar,sayuran,Tomat,2021,480,ton,csv
Karangkobar,sayuran,Bawang Putih,2021,0,ton,csv
Karangkobar,sayuran,Cabai Rawit,2021,212,ton,csv
Karangkobar,buah_tahunan,Mangga,2021,0,ton,csv
Karangkobar,buah_tahunan,Durian,2021,0,ton,csv
Karangkobar,buah_tahunan,Jeruk Besar,2021,0,ton,csv
Karangkobar,buah_tahunan,Pisang,2021,245,ton,csv
Karangkobar,buah_tahunan,Pepaya,2021,0,ton,csv
Karangkobar,buah_tahunan,Salak,2021,9131.1,ton,csv
Karangkobar,buah_tahunan,Jeruk Siam,2021,13.4,ton,csv
Karangkobar,tanaman_hias,Agloenema,2021,0,tangkai,csv
Karangkobar,tanaman_hias,Krisan,2021,0,tangkai,csv
Karangkobar,tanaman_hias,Mawar,2021,0,tangkai,csv
Karangkobar,tanaman_hias,Soka,2021,0,tangkai,csv
Karangkobar,biofarmaka,Jahe,2021,1425,tangkai,csv
Karangkobar,biofarmaka,Laos,2021,0,tangkai,csv
Karangkobar,biofarmaka,Kencur,2021,0,tangkai,csv
Karangkobar,biofarmaka,Kunyit,2021,435,tangkai,csv
Karangkobar,sayuran,Bawang Merah,2022,0,ton,csv
Karangkobar,sayuran,Cabai Besar,2022,566.3,ton,csv
Karangkobar,sayuran,Kentang,2022,0,ton,csv
Karangkobar,sayuran,Kubis,2022,1497,ton,csv
Karangkobar,sayuran,Petsai,2022,285,ton,csv
Karangkobar,sayuran,Tomat,2022,762.6,ton,csv
Karangkobar,sayuran,Bawang Putih,2022,0,ton,csv
Karangkobar,sayuran,Cabai Rawit,2022,428,ton,csv
Karangkobar,buah_tahunan,Mangga,2022,0,ton,csv
Karangkobar,buah_tahunan,Durian,2022,9.2,ton,csv
Karangkobar,buah_tahunan,Jeruk Besar,2022,0,ton,csv
Karangkobar,buah_tahunan,Pisang,2022,11476.2,ton,csv
Karangkobar,buah_tahunan,Pepaya,2022,0,ton,csv
Karangkobar,buah_tahunan,Salak,2022,17424.7,ton,csv
Karangkobar,buah_tahunan,Jeruk Siam,2022,0,ton,csv
Karangkobar,tanaman_hias,Agloenema,2022,0,tangkai,csv
Karangkobar,tanaman_hias,Krisan,2022,0,tangkai,csv
Karangkobar,tanaman_hias,Mawar,2022,0,tangkai,csv
Karangkobar,tanaman_hias,Soka,2022,0,tangkai,csv
Karangkobar,biofarmaka,Jahe,2022,500,tangkai,csv
Karangkobar,biofarmaka,Laos,2022,100,tangkai,csv
Karangkobar,biofarmaka,Kencur,2022,0,tangkai,csv
Karangkobar,biofarmaka,Kunyit,2022,208,tangkai,csv
Karangkobar,sayuran,Bawang Merah,2023,0,ton,csv
Karangkobar,sayuran,Cabai Besar,2023,1152.5,ton,csv
Karangkobar,sayuran,Kentang,2023,0,ton,csv
Karangkobar,sayuran,Kubis,2023,930,ton,csv
Karangkobar,sayuran,Petsai,2023,261,ton,csv
Karangkobar,sayuran,Tomat,2023,1044,ton,csv
Karangkobar,sayuran,Bawang Putih,2023,0,ton,csv
Karangkobar,sayuran,Cabai Rawit,2023,642,ton,csv
Karangkobar,buah_tahunan,Mangga,2023,0,ton,csv
Karangkobar,buah_tahunan,Durian,2023,6.12,ton,csv
Karangkobar,buah_tahunan,Pisang,2023,18921.2,ton,csv
Karangkobar,buah_tahunan,Pepaya,2023,0,ton,csv
Karangkobar,buah_tahunan,Salak,2023,3388.77,ton,csv
Karangkobar,buah_tahunan,Jeruk Siam,2023,0.45,ton,csv
Karangkobar,tanaman_hias,Agloenema,2023,0,tangkai,csv
Karangkobar,tanaman_hias,Krisan,2023,0,tangkai,csv
Karangkobar,tanaman_hias,Mawar,2023,0,tangkai,csv
Karangkobar,tanaman_hias,Soka,2023,0,tangkai,csv
Karangkobar,biofarmaka,Jahe,2023,2200,tangkai,csv
Karangkobar,biofarmaka,Laos,2023,0,tangkai,csv
Karangkobar,biofarmaka,Kencur,2023,0,tangkai,csv
Karangkobar,biofarmaka,Kunyit,2023,2804,tangkai,csv
Karangkobar,sayuran,Bawang Merah,2024,0,ton,csv
Karangkobar,sayuran,Cabai Besar,2024,899.5,ton,csv
Karangkobar,sayuran,Kentang,2024,0,ton,csv
Karangkobar,sayuran,Kubis,2024,810,ton,csv
Karangkobar,sayuran,Petsai,2024,276,ton,csv
Karangkobar,sayuran,Tomat,2024,825,ton,csv
Karangkobar,sayuran,Bawang Putih,2024,0,ton,csv
Karangkobar,sayuran,Cabai Rawit,2024,442,ton,csv
Karangkobar,buah_tahunan,Mangga,2024,0,ton,csv
Karangkobar,buah_tahunan,Durian,2024,9.5,ton,csv
Karangkobar,buah_tahunan,Jeruk Besar,2024,0,ton,csv
Karangkobar,buah_tahunan,Pisang,2024,6845.4,ton,csv
Karangkobar,buah_tahunan,Pepaya,2024,0,ton,csv
Karangkobar,buah_tahunan,Salak,2024,6186.19,ton,csv
Karangkobar,buah_tahunan,Jeruk Siam,2024,0,ton,csv
Karangkobar,tanaman_hias,Agloenema,2024,0,tangkai,csv
Karangkobar,tanaman_hias,Krisan,2024,0,tangkai,csv
Karangkobar,tanaman_hias,Mawar,2024,0,tangkai,csv
Karangkobar,tanaman_hias,Soka,2024,0,tangkai,csv
Karangkobar,biofarmaka,Jahe,2024,2450,tangkai,csv
Karangkobar,biofarmaka,Laos,2024,0,tangkai,csv
Karangkobar,biofarmaka,Kencur,2024,0,tangkai,csv
Karangkobar,biofarmaka,Kunyit,2024,2010,tangkai,csv
Madukara,sayuran,Bawang Merah,2017,0,ton,csv
Madukara,sayuran,Cabai Besar,2017,0,ton,csv
Madukara,sayuran,Kentang,2017,0,ton,csv
Madukara,sayuran,Kubis,2017,0,ton,csv
Madukara,sayuran,Petsai,2017,0,ton,csv
Madukara,sayuran,Tomat,2017,0,ton,csv
Madukara,sayuran,Bawang Putih,2017,0,ton,csv
Madukara,sayuran,Cabai Rawit,2017,0,ton,csv
Madukara,buah_tahunan,Mangga,2017,12.5,ton,csv
Madukara,buah_tahunan,Durian,2017,209.5,ton,csv
Madukara,buah_tahunan,Pisang,2017,6.5,ton,csv
Madukara,buah_tahunan,Pepaya,2017,90,ton,csv
Madukara,buah_tahunan,Salak,2017,161633.7,ton,csv
Madukara,sayuran,Bawang Merah,2018,0,ton,csv
Madukara,sayuran,Cabai Besar,2018,27.2,ton,csv
Madukara,sayuran,Kentang,2018,0,ton,csv
Madukara,sayuran,Kubis,2018,0,ton,csv
Madukara,sayuran,Petsai,2018,0,ton,csv
Madukara,sayuran,Tomat,2018,0,ton,csv
Madukara,sayuran,Bawang Putih,2018,0,ton,csv
Madukara,sayuran,Cabai Rawit,2018,2,ton,csv
Madukara,buah_tahunan,Mangga,2018,14,ton,csv
Madukara,buah_tahunan,Durian,2018,1090.2,ton,csv
Madukara,buah_tahunan,Jeruk Besar,2018,0,ton,csv
Madukara,buah_tahunan,Pisang,2018,84.8,ton,csv
Madukara,buah_tahunan,Pepaya,2018,49,ton,csv
Madukara,buah_tahunan,Salak,2018,104090.4,ton,csv
Madukara,buah_tahunan,Jeruk Siam,2018,0,ton,csv
Madukara,sayuran,Bawang Merah,2019,0,ton,csv
Madukara,sayuran,Cabai Besar,2019,18.3,ton,csv
Madukara,sayuran,Kentang,2019,0,ton,csv
Madukara,sayuran,Kubis,2019,0,ton,csv
Madukara,sayuran,Petsai,2019,0,ton,csv
Madukara,sayuran,Tomat,2019,0,ton,csv
Madukara,sayuran,Bawang Putih,2019,0,ton,csv
Madukara,sayuran,Cabai Rawit,2019,14.2,ton,csv
Madukara,buah_tahunan,Mangga,2019,9.4,ton,csv
Madukara,buah_tahunan,Durian,2019,412.5,ton,csv
Madukara,buah_tahunan,Jeruk Besar,2019,0,ton,csv
Madukara,buah_tahunan,Pisang,2019,75.4,ton,csv
Madukara,buah_tahunan,Pepaya,2019,1.7,ton,csv
Madukara,buah_tahunan,Salak,2019,71349,ton,csv
Madukara,buah_tahunan,Jeruk Siam,2019,4.8,ton,csv
Madukara,tanaman_hias,Agloenema,2019,0,tangkai,csv
Madukara,tanaman_hias,Krisan,2019,0,tangkai,csv
Madukara,tanaman_hias,Mawar,2019,0,tangkai,csv
Madukara,tanaman_hias,Soka,2019,0,tangkai,csv
Madukara,biofarmaka,Jahe,2019,0,tangkai,csv
Madukara,biofarmaka,Laos,2019,0,tangkai,csv
Madukara,biofarmaka,Kencur,2019,0,tangkai,csv
Madukara,biofarmaka,Kunyit,2019,0,tangkai,csv
Madukara,sayuran,Bawang Merah,2020,0,ton,csv
Madukara,sayuran,Cabai Besar,2020,6.6,ton,csv
Madukara,sayuran,Kentang,2020,0,ton,csv
Madukara,sayuran,Kubis,2020,0,ton,csv
Madukara,sayuran,Petsai,2020,0,ton,csv
Madukara,sayuran,Tomat,2020,0,ton,csv
Madukara,sayuran,Bawang Putih,2020,0,ton,csv
Madukara,sayuran,Cabai Rawit,2020,0,ton,csv
Madukara,buah_tahunan,Mangga,2020,17.5,ton,csv
Madukara,buah_tahunan,Durian,2020,4422,ton,csv
Madukara,buah_tahunan,Jeruk Besar,2020,0,ton,csv
Madukara,buah_tahunan,Pisang,2020,233.2,ton,csv
Madukara,buah_tahunan,Pepaya,2020,39.7,ton,csv
Madukara,buah_tahunan,Salak,2020,141986.2,ton,csv
Madukara,buah_tahunan,Jeruk Siam,2020,0,ton,csv
Madukara,tanaman_hias,Agloenema,2020,0,tangkai,csv
Madukara,tanaman_hias,Krisan,2020,0,tangkai,csv
Madukara,tanaman_hias,Mawar,2020,0,tangkai,csv
Madukara,tanaman_hias,Soka,2020,0,tangkai,csv
Madukara,biofarmaka,Jahe,2020,0,tangkai,csv
Madukara,biofarmaka,Laos,2020,0,tangkai,csv
Madukara,biofarmaka,Kencur,2020,0,tangkai,csv
Madukara,biofarmaka,Kunyit,2020,0,tangkai,csv
Madukara,sayuran,Bawang Merah,2021,0,ton,csv
Madukara,sayuran,Cabai Besar,2021,6.5,ton,csv
Madukara,sayuran,Kentang,2021,0,ton,csv
Madukara,sayuran,Kubis,2021,0,ton,csv
Madukara,sayuran,Petsai,2021,0,ton,csv
Madukara,sayuran,Tomat,2021,0,ton,csv
Madukara,sayuran,Bawang Putih,2021,0,ton,csv
Madukara,sayuran,Cabai Rawit,2021,4.9,ton,csv
Madukara,buah_tahunan,Mangga,2021,0,ton,csv
Madukara,buah_tahunan,Durian,2021,0,ton,csv
Madukara,buah_tahunan,Jeruk Besar,2021,0,ton,csv
Madukara,buah_tahunan,Pisang,2021,222.5,ton,csv
Madukara,buah_tahunan,Pepaya,2021,28.4,ton,csv
Madukara,buah_tahunan,Salak,2021,110122.5,ton,csv
Madukara,buah_tahunan,Jeruk Siam,2021,0,ton,csv
Madukara,tanaman_hias,Agloenema,2021,0,tangkai,csv
Madukara,tanaman_hias,Krisan,2021,0,tangkai,csv
Madukara,tanaman_hias,Mawar,2021,0,tangkai,csv
Madukara,tanaman_hias,Soka,2021,0,tangkai,csv
Madukara,biofarmaka,Jahe,2021,0,tangkai,csv
Madukara,biofarmaka,Laos,2021,0,tangkai,csv
Madukara,biofarmaka,Kencur,2021,0,tangkai,csv
Madukara,biofarmaka,Kunyit,2021,0,tangkai,csv
Madukara,sayuran,Bawang Merah,2022,0,ton,csv
Madukara,sayuran,Cabai Besar,2022,15.8,ton,csv
Madukara,sayuran,Kentang,2022,0,ton,csv
Madukara,sayuran,Kubis,2022,0,ton,csv
Madukara,sayuran,Petsai,2022,0,ton,csv
Madukara,sayuran,Tomat,2022,0,ton,csv
Madukara,sayuran,Bawang Putih,2022,0,ton,csv
Madukara,sayuran,Cabai Rawit,2022,0,ton,csv
Madukara,buah_tahunan,Mangga,2022,0,ton,csv
Madukara,buah_tahunan,Durian,2022,182.4,ton,csv
Madukara,buah_tahunan,Jeruk Besar,2022,0,ton,csv
Madukara,buah_tahunan,Pisang,2022,242.6,ton,csv
Madukara,buah_tahunan,Pepaya,2022,41.5,ton,csv
Madukara,buah_tahunan,Salak,2022,24970.3,ton,csv
Madukara,buah_tahunan,Jeruk Siam,2022,0,ton,csv
Madukara,tanaman_hias,Agloenema,2022,0,tangkai,csv
Madukara,tanaman_hias,Krisan,2022,0,tangkai,csv
Madukara,tanaman_hias,Mawar,2022,0,tangkai,csv
Madukara,tanaman_hias,Soka,2022,0,tangkai,csv
Madukara,biofarmaka,Jahe,2022,7500,tangkai,csv
Madukara,biofarmaka,Laos,2022,0,tangkai,csv
Madukara,biofarmaka,Kencur,2022,0,tangkai,csv
Madukara,biofarmaka,Kunyit,2022,0,tangkai,csv
Madukara,sayuran,Bawang Merah,2023,0,ton,csv
Madukara,sayuran,Cabai Besar,2023,1,ton,csv
Madukara,sayuran,Kentang,2023,0,ton,csv
Madukara,sayuran,Kubis,2023,0,ton,csv
Madukara,sayuran,Petsai,2023,0,ton,csv
Madukara,sayuran,Tomat,2023,0,ton,csv
Madukara,sayuran,Bawang Putih,2023,0,ton,csv
Madukara,sayuran,Cabai Rawit,2023,18.8,ton,csv
Madukara,buah_tahunan,Mangga,2023,0,ton,csv
Madukara,buah_tahunan,Durian,2023,40.42,ton,csv
Madukara,buah_tahunan,Pisang,2023,40.04,ton,csv
Madukara,buah_tahunan,Pepaya,2023,2.52,ton,csv
Madukara,buah_tahunan,Salak,2023,10159.76,ton,csv
Madukara,buah_tahunan,Jeruk Siam,2023,0,ton,csv
Madukara,tanaman_hias,Agloenema,2023,0,tangkai,csv
Madukara,tanaman_hias,Krisan,2023,0,tangkai,csv
Madukara,tanaman_hias,Mawar,2023,0,tangkai,csv
Madukara,tanaman_hias,Soka,2023,0,tangkai,csv
Madukara,biofarmaka,Jahe,2023,7500,tangkai,csv
Madukara,biofarmaka,Laos,2023,0,tangkai,csv
Madukara,biofarmaka,Kencur,2023,3087,tangkai,csv
Madukara,biofarmaka,Kunyit,2023,0,tangkai,csv
Madukara,sayuran,Bawang Merah,2024,0,ton,csv
Madukara,sayuran,Cabai Besar,2024,0,ton,csv
Madukara,sayuran,Kentang,2024,0,ton,csv
Madukara,sayuran,Kubis,2024,0,ton,csv
Madukara,sayuran,Petsai,2024,0,ton,csv
Madukara,sayuran,Tomat,2024,0,ton,csv
Madukara,sayuran,Bawang Putih,2024,0,ton,csv
Madukara,sayuran,Cabai Rawit,2024,31.21,ton,csv
Madukara,buah_tahunan,Mangga,2024,9.74,ton,csv
Madukara,buah_tahunan,Durian,2024,53.82,ton,csv
Madukara,buah_tahunan,Jeruk Besar,2024,0,ton,csv
Madukara,buah_tahunan,Pisang,2024,1552.42,ton,csv
Madukara,buah_tahunan,Pepaya,2024,1159.8,ton,csv
Madukara,buah_tahunan,Salak,2024,23640.34,ton,csv
Madukara,buah_tahunan,Jeruk Siam,2024,0,ton,csv
Madukara,tanaman_hias,Agloenema,2024,0,tangkai,csv
Madukara,tanaman_hias,Krisan,2024,0,tangkai,csv
Madukara,tanaman_hias,Mawar,2024,0,tangkai,csv
Madukara,tanaman_hias,Soka,2024,0,tangkai,csv
Madukara,biofarmaka,Jahe,2024,8400,tangkai,csv
Madukara,biofarmaka,Laos,2024,700,tangkai,csv
Madukara,biofarmaka,Kencur,2024,2083,tangkai,csv
Madukara,biofarmaka,Kunyit,2024,1265,tangkai,csv
Mandiraja,sayuran,Bawang Merah,2017,0,ton,csv
Mandiraja,sayuran,Cabai Besar,2017,0,ton,csv
Mandiraja,sayuran,Kentang,2017,0,ton,csv
Mandiraja,sayuran,Kubis,2017,0,ton,csv
Mandiraja,sayuran,Petsai,2017,0,ton,csv
Mandiraja,sayuran,Tomat,2017,0,ton,csv
Mandiraja,sayuran,Bawang Putih,2017,0,ton,csv
Mandiraja,sayuran,Cabai Rawit,2017,0,ton,csv
Mandiraja,buah_tahunan,Mangga,2017,20,ton,csv
Mandiraja,buah_tahunan,Durian,2017,379,ton,csv
Mandiraja,buah_tahunan,Pisang,2017,884,ton,csv
Mandiraja,buah_tahunan,Pepaya,2017,26.3,ton,csv
Mandiraja,buah_tahunan,Salak,2017,44.8,ton,csv
Mandiraja,sayuran,Bawang Merah,2018,0,ton,csv
Mandiraja,sayuran,Cabai Besar,2018,20,ton,csv
Mandiraja,sayuran,Kentang,2018,0,ton,csv
Mandiraja,sayuran,Kubis,2018,0,ton,csv
Mandiraja,sayuran,Petsai,2018,0,ton,csv
Mandiraja,sayuran,Tomat,2018,0,ton,csv
Mandiraja,sayuran,Bawang Putih,2018,0,ton,csv
Mandiraja,sayuran,Cabai Rawit,2018,10,ton,csv
Mandiraja,buah_tahunan,Mangga,2018,225,ton,csv
Mandiraja,buah_tahunan,Durian,2018,334.2,ton,csv
Mandiraja,buah_tahunan,Jeruk Besar,2018,15,ton,csv
Mandiraja,buah_tahunan,Pisang,2018,1097.2,ton,csv
Mandiraja,buah_tahunan,Pepaya,2018,40.2,ton,csv
Mandiraja,buah_tahunan,Salak,2018,61.1,ton,csv
Mandiraja,buah_tahunan,Jeruk Siam,2018,37,ton,csv
Mandiraja,sayuran,Bawang Merah,2019,0,ton,csv
Mandiraja,sayuran,Cabai Besar,2019,162.5,ton,csv
Mandiraja,sayuran,Kentang,2019,0,ton,csv
Mandiraja,sayuran,Kubis,2019,0,ton,csv
Mandiraja,sayuran,Petsai,2019,0,ton,csv
Mandiraja,sayuran,Tomat,2019,0,ton,csv
Mandiraja,sayuran,Bawang Putih,2019,0,ton,csv
Mandiraja,sayuran,Cabai Rawit,2019,35.2,ton,csv
Mandiraja,buah_tahunan,Mangga,2019,1250,ton,csv
Mandiraja,buah_tahunan,Durian,2019,4124,ton,csv
Mandiraja,buah_tahunan,Jeruk Besar,2019,2,ton,csv
Mandiraja,buah_tahunan,Pisang,2019,5537.4,ton,csv
Mandiraja,buah_tahunan,Pepaya,2019,71.5,ton,csv
Mandiraja,buah_tahunan,Salak,2019,151.6,ton,csv
Mandiraja,buah_tahunan,Jeruk Siam,2019,85,ton,csv
Mandiraja,tanaman_hias,Agloenema,2019,0,tangkai,csv
Mandiraja,tanaman_hias,Krisan,2019,0,tangkai,csv
Mandiraja,tanaman_hias,Mawar,2019,0,tangkai,csv
Mandiraja,tanaman_hias,Soka,2019,0,tangkai,csv
Mandiraja,biofarmaka,Jahe,2019,2000,tangkai,csv
Mandiraja,biofarmaka,Laos,2019,1800,tangkai,csv
Mandiraja,biofarmaka,Kencur,2019,1369,tangkai,csv
Mandiraja,biofarmaka,Kunyit,2019,2000,tangkai,csv
Mandiraja,sayuran,Bawang Merah,2020,0,ton,csv
Mandiraja,sayuran,Cabai Besar,2020,45,ton,csv
Mandiraja,sayuran,Kentang,2020,0,ton,csv
Mandiraja,sayuran,Kubis,2020,0,ton,csv
Mandiraja,sayuran,Petsai,2020,0,ton,csv
Mandiraja,sayuran,Tomat,2020,0,ton,csv
Mandiraja,sayuran,Bawang Putih,2020,0,ton,csv
Mandiraja,sayuran,Cabai Rawit,2020,20,ton,csv
Mandiraja,buah_tahunan,Mangga,2020,900,ton,csv
Mandiraja,buah_tahunan,Durian,2020,0,ton,csv
Mandiraja,buah_tahunan,Jeruk Besar,2020,0,ton,csv
Mandiraja,buah_tahunan,Pisang,2020,5955.2,ton,csv
Mandiraja,buah_tahunan,Pepaya,2020,160,ton,csv
Mandiraja,buah_tahunan,Salak,2020,62.9,ton,csv
Mandiraja,buah_tahunan,Jeruk Siam,2020,0,ton,csv
Mandiraja,tanaman_hias,Agloenema,2020,0,tangkai,csv
Mandiraja,tanaman_hias,Krisan,2020,0,tangkai,csv
Mandiraja,tanaman_hias,Mawar,2020,0,tangkai,csv
Mandiraja,tanaman_hias,Soka,2020,0,tangkai,csv
Mandiraja,biofarmaka,Jahe,2020,0,tangkai,csv
Mandiraja,biofarmaka,Laos,2020,2000,tangkai,csv
Mandiraja,biofarmaka,Kencur,2020,1819,tangkai,csv
Mandiraja,biofarmaka,Kunyit,2020,2500,tangkai,csv
Mandiraja,sayuran,Bawang Merah,2021,42.3,ton,csv
Mandiraja,sayuran,Cabai Besar,2021,60.9,ton,csv
Mandiraja,sayuran,Kentang,2021,0,ton,csv
Mandiraja,sayuran,Kubis,2021,0,ton,csv
Mandiraja,sayuran,Petsai,2021,0,ton,csv
Mandiraja,sayuran,Tomat,2021,0,ton,csv
Mandiraja,sayuran,Bawang Putih,2021,0,ton,csv
Mandiraja,sayuran,Cabai Rawit,2021,60.2,ton,csv
Mandiraja,buah_tahunan,Mangga,2021,42,ton,csv
Mandiraja,buah_tahunan,Durian,2021,167.6,ton,csv
Mandiraja,buah_tahunan,Jeruk Besar,2021,0,ton,csv
Mandiraja,buah_tahunan,Pisang,2021,1680.4,ton,csv
Mandiraja,buah_tahunan,Pepaya,2021,229.6,ton,csv
Mandiraja,buah_tahunan,Salak,2021,84.5,ton,csv
Mandiraja,buah_tahunan,Jeruk Siam,2021,0,ton,csv
Mandiraja,tanaman_hias,Agloenema,2021,0,tangkai,csv
Mandiraja,tanaman_hias,Krisan,2021,0,tangkai,csv
Mandiraja,tanaman_hias,Mawar,2021,0,tangkai,csv
Mandiraja,tanaman_hias,Soka,2021,0,tangkai,csv
Mandiraja,biofarmaka,Jahe,2021,9780,tangkai,csv
Mandiraja,biofarmaka,Laos,2021,0,tangkai,csv
Mandiraja,biofarmaka,Kencur,2021,0,tangkai,csv
Mandiraja,biofarmaka,Kunyit,2021,0,tangkai,csv
Mandiraja,sayuran,Bawang Merah,2022,15,ton,csv
Mandiraja,sayuran,Cabai Besar,2022,22.5,ton,csv
Mandiraja,sayuran,Kentang,2022,0,ton,csv
Mandiraja,sayuran,Kubis,2022,0,ton,csv
Mandiraja,sayuran,Petsai,2022,0,ton,csv
Mandiraja,sayuran,Tomat,2022,0,ton,csv
Mandiraja,sayuran,Bawang Putih,2022,0,ton,csv
Mandiraja,sayuran,Cabai Rawit,2022,4.7,ton,csv
Mandiraja,buah_tahunan,Mangga,2022,42,ton,csv
Mandiraja,buah_tahunan,Durian,2022,0,ton,csv
Mandiraja,buah_tahunan,Jeruk Besar,2022,0,ton,csv
Mandiraja,buah_tahunan,Pisang,2022,997,ton,csv
Mandiraja,buah_tahunan,Pepaya,2022,126.2,ton,csv
Mandiraja,buah_tahunan,Salak,2022,1.3,ton,csv
Mandiraja,buah_tahunan,Jeruk Siam,2022,0,ton,csv
Mandiraja,tanaman_hias,Agloenema,2022,0,tangkai,csv
Mandiraja,tanaman_hias,Krisan,2022,0,tangkai,csv
Mandiraja,tanaman_hias,Mawar,2022,0,tangkai,csv
Mandiraja,tanaman_hias,Soka,2022,0,tangkai,csv
Mandiraja,biofarmaka,Jahe,2022,1250,tangkai,csv
Mandiraja,biofarmaka,Laos,2022,0,tangkai,csv
Mandiraja,biofarmaka,Kencur,2022,0,tangkai,csv
Mandiraja,biofarmaka,Kunyit,2022,500,tangkai,csv
Mandiraja,sayuran,Bawang Merah,2023,0.2,ton,csv
Mandiraja,sayuran,Cabai Besar,2023,8.3,ton,csv
Mandiraja,sayuran,Kentang,2023,0,ton,csv
Mandiraja,sayuran,Kubis,2023,0,ton,csv
Mandiraja,sayuran,Petsai,2023,0,ton,csv
Mandiraja,sayuran,Tomat,2023,0,ton,csv
Mandiraja,sayuran,Bawang Putih,2023,0,ton,csv
Mandiraja,sayuran,Cabai Rawit,2023,7.48,ton,csv
Mandiraja,buah_tahunan,Mangga,2023,0,ton,csv
Mandiraja,buah_tahunan,Durian,2023,27.5,ton,csv
Mandiraja,buah_tahunan,Pisang,2023,349.6,ton,csv
Mandiraja,buah_tahunan,Pepaya,2023,44.03,ton,csv
Mandiraja,buah_tahunan,Salak,2023,0,ton,csv
Mandiraja,buah_tahunan,Jeruk Siam,2023,0,ton,csv
Mandiraja,tanaman_hias,Agloenema,2023,0,tangkai,csv
Mandiraja,tanaman_hias,Krisan,2023,0,tangkai,csv
Mandiraja,tanaman_hias,Mawar,2023,0,tangkai,csv
Mandiraja,tanaman_hias,Soka,2023,0,tangkai,csv
Mandiraja,biofarmaka,Jahe,2023,3570,tangkai,csv
Mandiraja,biofarmaka,Laos,2023,0,tangkai,csv
Mandiraja,biofarmaka,Kencur,2023,0,tangkai,csv
Mandiraja,biofarmaka,Kunyit,2023,0,tangkai,csv
Mandiraja,sayuran,Bawang Merah,2024,0,ton,csv
Mandiraja,sayuran,Cabai Besar,2024,59.8,ton,csv
Mandiraja,sayuran,Kentang,2024,0,ton,csv
Mandiraja,sayuran,Kubis,2024,0,ton,csv
Mandiraja,sayuran,Petsai,2024,0,ton,csv
Mandiraja,sayuran,Tomat,2024,0,ton,csv
Mandiraja,sayuran,Bawang Putih,2024,0,ton,csv
Mandiraja,sayuran,Cabai Rawit,2024,5.77,ton,csv
Mandiraja,buah_tahunan,Mangga,2024,3.25,ton,csv
Mandiraja,buah_tahunan,Durian,2024,34.1,ton,csv
Mandiraja,buah_tahunan,Jeruk Besar,2024,0,ton,csv
Mandiraja,buah_tahunan,Pisang,2024,73.59,ton,csv
Mandiraja,buah_tahunan,Pepaya,2024,59.62,ton,csv
Mandiraja,buah_tahunan,Salak,2024,0.4,ton,csv
Mandiraja,buah_tahunan,Jeruk Siam,2024,0,ton,csv
Mandiraja,tanaman_hias,Agloenema,2024,0,tangkai,csv
Mandiraja,tanaman_hias,Krisan,2024,0,tangkai,csv
Mandiraja,tanaman_hias,Mawar,2024,0,tangkai,csv
Mandiraja,tanaman_hias,Soka,2024,0,tangkai,csv
Mandiraja,biofarmaka,Jahe,2024,0,tangkai,csv
Mandiraja,biofarmaka,Laos,2024,570,tangkai,csv
Mandiraja,biofarmaka,Kencur,2024,375,tangkai,csv
Mandiraja,biofarmaka,Kunyit,2024,0,tangkai,csv
Pagedongan,sayuran,Bawang Merah,2017,0,ton,csv
Pagedongan,sayuran,Cabai Besar,2017,0,ton,csv
Pagedongan,sayuran,Kentang,2017,0,ton,csv
Pagedongan,sayuran,Kubis,2017,0,ton,csv
Pagedongan,sayuran,Petsai,2017,0,ton,csv
Pagedongan,sayuran,Tomat,2017,0,ton,csv
Pagedongan,sayuran,Bawang Putih,2017,0,ton,csv
Pagedongan,sayuran,Cabai Rawit,2017,0,ton,csv
Pagedongan,buah_tahunan,Mangga,2017,0,ton,csv
Pagedongan,buah_tahunan,Durian,2017,0,ton,csv
Pagedongan,buah_tahunan,Pisang,2017,109,ton,csv
Pagedongan,buah_tahunan,Pepaya,2017,11.6,ton,csv
Pagedongan,buah_tahunan,Salak,2017,4859,ton,csv
Pagedongan,sayuran,Bawang Merah,2018,0,ton,csv
Pagedongan,sayuran,Cabai Besar,2018,0.8,ton,csv
Pagedongan,sayuran,Kentang,2018,0,ton,csv
Pagedongan,sayuran,Kubis,2018,0,ton,csv
Pagedongan,sayuran,Petsai,2018,0,ton,csv
Pagedongan,sayuran,Tomat,2018,0,ton,csv
Pagedongan,sayuran,Bawang Putih,2018,0,ton,csv
Pagedongan,sayuran,Cabai Rawit,2018,70,ton,csv
Pagedongan,buah_tahunan,Mangga,2018,14.1,ton,csv
Pagedongan,buah_tahunan,Durian,2018,0,ton,csv
Pagedongan,buah_tahunan,Jeruk Besar,2018,0,ton,csv
Pagedongan,buah_tahunan,Pisang,2018,516.9,ton,csv
Pagedongan,buah_tahunan,Pepaya,2018,99.4,ton,csv
Pagedongan,buah_tahunan,Salak,2018,4248.9,ton,csv
Pagedongan,buah_tahunan,Jeruk Siam,2018,0,ton,csv
Pagedongan,sayuran,Bawang Merah,2019,0,ton,csv
Pagedongan,sayuran,Cabai Besar,2019,0.6,ton,csv
Pagedongan,sayuran,Kentang,2019,0,ton,csv
Pagedongan,sayuran,Kubis,2019,0,ton,csv
Pagedongan,sayuran,Petsai,2019,0,ton,csv
Pagedongan,sayuran,Tomat,2019,0,ton,csv
Pagedongan,sayuran,Bawang Putih,2019,0,ton,csv
Pagedongan,sayuran,Cabai Rawit,2019,22.4,ton,csv
Pagedongan,buah_tahunan,Mangga,2019,0,ton,csv
Pagedongan,buah_tahunan,Durian,2019,1512,ton,csv
Pagedongan,buah_tahunan,Jeruk Besar,2019,0,ton,csv
Pagedongan,buah_tahunan,Pisang,2019,3048.8,ton,csv
Pagedongan,buah_tahunan,Pepaya,2019,307.2,ton,csv
Pagedongan,buah_tahunan,Salak,2019,972.3,ton,csv
Pagedongan,buah_tahunan,Jeruk Siam,2019,0,ton,csv
Pagedongan,tanaman_hias,Agloenema,2019,0,tangkai,csv
Pagedongan,tanaman_hias,Krisan,2019,0,tangkai,csv
Pagedongan,tanaman_hias,Mawar,2019,0,tangkai,csv
Pagedongan,tanaman_hias,Soka,2019,0,tangkai,csv
Pagedongan,biofarmaka,Jahe,2019,0,tangkai,csv
Pagedongan,biofarmaka,Laos,2019,0,tangkai,csv
Pagedongan,biofarmaka,Kencur,2019,0,tangkai,csv
Pagedongan,biofarmaka,Kunyit,2019,0,tangkai,csv
Pagedongan,sayuran,Bawang Merah,2020,0,ton,csv
Pagedongan,sayuran,Cabai Besar,2020,0,ton,csv
Pagedongan,sayuran,Kentang,2020,0,ton,csv
Pagedongan,sayuran,Kubis,2020,0,ton,csv
Pagedongan,sayuran,Petsai,2020,0,ton,csv
Pagedongan,sayuran,Tomat,2020,0,ton,csv
Pagedongan,sayuran,Bawang Putih,2020,0,ton,csv
Pagedongan,sayuran,Cabai Rawit,2020,1272.5,ton,csv
Pagedongan,buah_tahunan,Mangga,2020,383.6,ton,csv
Pagedongan,buah_tahunan,Durian,2020,0,ton,csv
Pagedongan,buah_tahunan,Jeruk Besar,2020,0,ton,csv
Pagedongan,buah_tahunan,Pisang,2020,6265.5,ton,csv
Pagedongan,buah_tahunan,Pepaya,2020,256.7,ton,csv
Pagedongan,buah_tahunan,Salak,2020,3557.9,ton,csv
Pagedongan,buah_tahunan,Jeruk Siam,2020,0,ton,csv
Pagedongan,tanaman_hias,Agloenema,2020,0,tangkai,csv
Pagedongan,tanaman_hias,Krisan,2020,0,tangkai,csv
Pagedongan,tanaman_hias,Mawar,2020,0,tangkai,csv
Pagedongan,tanaman_hias,Soka,2020,0,tangkai,csv
Pagedongan,biofarmaka,Jahe,2020,0,tangkai,csv
Pagedongan,biofarmaka,Laos,2020,0,tangkai,csv
Pagedongan,biofarmaka,Kencur,2020,0,tangkai,csv
Pagedongan,biofarmaka,Kunyit,2020,0,tangkai,csv
Pagedongan,sayuran,Bawang Merah,2021,0,ton,csv
Pagedongan,sayuran,Cabai Besar,2021,100.2,ton,csv
Pagedongan,sayuran,Kentang,2021,0,ton,csv
Pagedongan,sayuran,Kubis,2021,0,ton,csv
Pagedongan,sayuran,Petsai,2021,0,ton,csv
Pagedongan,sayuran,Tomat,2021,0,ton,csv
Pagedongan,sayuran,Bawang Putih,2021,0,ton,csv
Pagedongan,sayuran,Cabai Rawit,2021,658,ton,csv
Pagedongan,buah_tahunan,Mangga,2021,0,ton,csv
Pagedongan,buah_tahunan,Durian,2021,33.3,ton,csv
Pagedongan,buah_tahunan,Jeruk Besar,2021,0,ton,csv
Pagedongan,buah_tahunan,Pisang,2021,4671.2,ton,csv
Pagedongan,buah_tahunan,Pepaya,2021,112.5,ton,csv
Pagedongan,buah_tahunan,Salak,2021,214.3,ton,csv
Pagedongan,buah_tahunan,Jeruk Siam,2021,0,ton,csv
Pagedongan,tanaman_hias,Agloenema,2021,0,tangkai,csv
Pagedongan,tanaman_hias,Krisan,2021,0,tangkai,csv
Pagedongan,tanaman_hias,Mawar,2021,0,tangkai,csv
Pagedongan,tanaman_hias,Soka,2021,0,tangkai,csv
Pagedongan,biofarmaka,Jahe,2021,0,tangkai,csv
Pagedongan,biofarmaka,Laos,2021,0,tangkai,csv
Pagedongan,biofarmaka,Kencur,2021,0,tangkai,csv
Pagedongan,biofarmaka,Kunyit,2021,0,tangkai,csv
Pagedongan,sayuran,Bawang Merah,2022,0,ton,csv
Pagedongan,sayuran,Cabai Besar,2022,0,ton,csv
Pagedongan,sayuran,Kentang,2022,0,ton,csv
Pagedongan,sayuran,Kubis,2022,0,ton,csv
Pagedongan,sayuran,Petsai,2022,0,ton,csv
Pagedongan,sayuran,Tomat,2022,0,ton,csv
Pagedongan,sayuran,Bawang Putih,2022,0,ton,csv
Pagedongan,sayuran,Cabai Rawit,2022,288.6,ton,csv
Pagedongan,buah_tahunan,Mangga,2022,0,ton,csv
Pagedongan,buah_tahunan,Durian,2022,0,ton,csv
Pagedongan,buah_tahunan,Jeruk Besar,2022,0,ton,csv
Pagedongan,buah_tahunan,Pisang,2022,1626.6,ton,csv
Pagedongan,buah_tahunan,Pepaya,2022,0,ton,csv
Pagedongan,buah_tahunan,Salak,2022,0,ton,csv
Pagedongan,buah_tahunan,Jeruk Siam,2022,0,ton,csv
Pagedongan,tanaman_hias,Agloenema,2022,0,tangkai,csv
Pagedongan,tanaman_hias,Krisan,2022,0,tangkai,csv
Pagedongan,tanaman_hias,Mawar,2022,0,tangkai,csv
Pagedongan,tanaman_hias,Soka,2022,0,tangkai,csv
Pagedongan,biofarmaka,Jahe,2022,0,tangkai,csv
Pagedongan,biofarmaka,Laos,2022,0,tangkai,csv
Pagedongan,biofarmaka,Kencur,2022,0,tangkai,csv
Pagedongan,biofarmaka,Kunyit,2022,0,tangkai,csv
Pagedongan,sayuran,Bawang Merah,2023,0,ton,csv
Pagedongan,sayuran,Cabai Besar,2023,0,ton,csv
Pagedongan,sayuran,Kentang,2023,0,ton,csv
Pagedongan,sayuran,Kubis,2023,0,ton,csv
Pagedongan,sayuran,Petsai,2023,0,ton,csv
Pagedongan,sayuran,Tomat,2023,4.5,ton,csv
Pagedongan,sayuran,Bawang Putih,2023,0,ton,csv
Pagedongan,sayuran,Cabai Rawit,2023,207.5,ton,csv
Pagedongan,buah_tahunan,Mangga,2023,0,ton,csv
Pagedongan,buah_tahunan,Durian,2023,48.5,ton,csv
Pagedongan,buah_tahunan,Pisang,2023,0,ton,csv
Pagedongan,buah_tahunan,Pepaya,2023,0,ton,csv
Pagedongan,buah_tahunan,Salak,2023,0,ton,csv
Pagedongan,buah_tahunan,Jeruk Siam,2023,0,ton,csv
Pagedongan,tanaman_hias,Agloenema,2023,0,tangkai,csv
Pagedongan,tanaman_hias,Krisan,2023,0,tangkai,csv
Pagedongan,tanaman_hias,Mawar,2023,0,tangkai,csv
Pagedongan,tanaman_hias,Soka,2023,0,tangkai,csv
Pagedongan,biofarmaka,Jahe,2023,0,tangkai,csv
Pagedongan,biofarmaka,Laos,2023,0,tangkai,csv
Pagedongan,biofarmaka,Kencur,2023,0,tangkai,csv
Pagedongan,biofarmaka,Kunyit,2023,0,tangkai,csv
Pagedongan,sayuran,Bawang Merah,2024,0,ton,csv
Pagedongan,sayuran,Cabai Besar,2024,0,ton,csv
Pagedongan,sayuran,Kentang,2024,0,ton,csv
Pagedongan,sayuran,Kubis,2024,0,ton,csv
Pagedongan,sayuran,Petsai,2024,0,ton,csv
Pagedongan,sayuran,Tomat,2024,0,ton,csv
Pagedongan,sayuran,Bawang Putih,2024,0,ton,csv
Pagedongan,sayuran,Cabai Rawit,2024,175.66,ton,csv
Pagedongan,buah_tahunan,Mangga,2024,12.5,ton,csv
Pagedongan,buah_tahunan,Durian,2024,11.73,ton,csv
Pagedongan,buah_tahunan,Jeruk Besar,2024,0,ton,csv
Pagedongan,buah_tahunan,Pisang,2024,0,ton,csv
Pagedongan,buah_tahunan,Pepaya,2024,0,ton,csv
Pagedongan,buah_tahunan,Salak,2024,1341.1,ton,csv
Pagedongan,buah_tahunan,Jeruk Siam,2024,0,ton,csv
Pagedongan,tanaman_hias,Agloenema,2024,0,tangkai,csv
Pagedongan,tanaman_hias,Krisan,2024,0,tangkai,csv
Pagedongan,tanaman_hias,Mawar,2024,0,tangkai,csv
Pagedongan,tanaman_hias,Soka,2024,0,tangkai,csv
Pagedongan,biofarmaka,Jahe,2024,0,tangkai,csv
Pagedongan,biofarmaka,Laos,2024,0,tangkai,csv
Pagedongan,biofarmaka,Kencur,2024,0,tangkai,csv
Pagedongan,biofarmaka,Kunyit,2024,0,tangkai,csv
Pagentan,sayuran,Bawang Merah,2017,0,ton,csv
Pagentan,sayuran,Cabai Besar,2017,0,ton,csv
Pagentan,sayuran,Kentang,2017,0,ton,csv
Pagentan,sayuran,Kubis,2017,1687.5,ton,csv
Pagentan,sayuran,Petsai,2017,0,ton,csv
Pagentan,sayuran,Tomat,2017,141.6,ton,csv
Pagentan,sayuran,Bawang Putih,2017,0,ton,csv
Pagentan,sayuran,Cabai Rawit,2017,0,ton,csv
Pagentan,buah_tahunan,Mangga,2017,4,ton,csv
Pagentan,buah_tahunan,Durian,2017,53.8,ton,csv
Pagentan,buah_tahunan,Pisang,2017,251.1,ton,csv
Pagentan,buah_tahunan,Pepaya,2017,22.7,ton,csv
Pagentan,buah_tahunan,Salak,2017,93129.6,ton,csv
Pagentan,sayuran,Bawang Merah,2018,0,ton,csv
Pagentan,sayuran,Cabai Besar,2018,581.6,ton,csv
Pagentan,sayuran,Kentang,2018,0,ton,csv
Pagentan,sayuran,Kubis,2018,2340,ton,csv
Pagentan,sayuran,Petsai,2018,0,ton,csv
Pagentan,sayuran,Tomat,2018,52.8,ton,csv
Pagentan,sayuran,Bawang Putih,2018,0,ton,csv
Pagentan,sayuran,Cabai Rawit,2018,582,ton,csv
Pagentan,buah_tahunan,Mangga,2018,3.7,ton,csv
Pagentan,buah_tahunan,Durian,2018,15.6,ton,csv
Pagentan,buah_tahunan,Jeruk Besar,2018,15.7,ton,csv
Pagentan,buah_tahunan,Pisang,2018,286.3,ton,csv
Pagentan,buah_tahunan,Pepaya,2018,14.8,ton,csv
Pagentan,buah_tahunan,Salak,2018,111043,ton,csv
Pagentan,buah_tahunan,Jeruk Siam,2018,0,ton,csv
Pagentan,sayuran,Bawang Merah,2019,0,ton,csv
Pagentan,sayuran,Cabai Besar,2019,273.6,ton,csv
Pagentan,sayuran,Kentang,2019,0,ton,csv
Pagentan,sayuran,Kubis,2019,2190,ton,csv
Pagentan,sayuran,Petsai,2019,287,ton,csv
Pagentan,sayuran,Tomat,2019,46.4,ton,csv
Pagentan,sayuran,Bawang Putih,2019,88,ton,csv
Pagentan,sayuran,Cabai Rawit,2019,1476.4,ton,csv
Pagentan,buah_tahunan,Mangga,2019,0,ton,csv
Pagentan,buah_tahunan,Durian,2019,3.2,ton,csv
Pagentan,buah_tahunan,Jeruk Besar,2019,8.7,ton,csv
Pagentan,buah_tahunan,Pisang,2019,199.8,ton,csv
Pagentan,buah_tahunan,Pepaya,2019,14.3,ton,csv
Pagentan,buah_tahunan,Salak,2019,111115.3,ton,csv
Pagentan,buah_tahunan,Jeruk Siam,2019,0,ton,csv
Pagentan,tanaman_hias,Agloenema,2019,0,tangkai,csv
Pagentan,tanaman_hias,Krisan,2019,0,tangkai,csv
Pagentan,tanaman_hias,Mawar,2019,0,tangkai,csv
Pagentan,tanaman_hias,Soka,2019,0,tangkai,csv
Pagentan,biofarmaka,Jahe,2019,67200,tangkai,csv
Pagentan,biofarmaka,Laos,2019,0,tangkai,csv
Pagentan,biofarmaka,Kencur,2019,0,tangkai,csv
Pagentan,biofarmaka,Kunyit,2019,0,tangkai,csv
Pagentan,sayuran,Bawang Merah,2020,0,ton,csv
Pagentan,sayuran,Cabai Besar,2020,377.5,ton,csv
Pagentan,sayuran,Kentang,2020,0,ton,csv
Pagentan,sayuran,Kubis,2020,3400,ton,csv
Pagentan,sayuran,Petsai,2020,420,ton,csv
Pagentan,sayuran,Tomat,2020,117.5,ton,csv
Pagentan,sayuran,Bawang Putih,2020,162,ton,csv
Pagentan,sayuran,Cabai Rawit,2020,2880.2,ton,csv
Pagentan,buah_tahunan,Mangga,2020,0,ton,csv
Pagentan,buah_tahunan,Durian,2020,19.9,ton,csv
Pagentan,buah_tahunan,Jeruk Besar,2020,17.1,ton,csv
Pagentan,buah_tahunan,Pisang,2020,480.3,ton,csv
Pagentan,buah_tahunan,Pepaya,2020,35.9,ton,csv
Pagentan,buah_tahunan,Salak,2020,78380.9,ton,csv
Pagentan,buah_tahunan,Jeruk Siam,2020,4.7,ton,csv
Pagentan,tanaman_hias,Agloenema,2020,0,tangkai,csv
Pagentan,tanaman_hias,Krisan,2020,0,tangkai,csv
Pagentan,tanaman_hias,Mawar,2020,0,tangkai,csv
Pagentan,tanaman_hias,Soka,2020,0,tangkai,csv
Pagentan,biofarmaka,Laos,2020,0,tangkai,csv
Pagentan,biofarmaka,Kencur,2020,0,tangkai,csv
Pagentan,biofarmaka,Kunyit,2020,900,tangkai,csv
Pagentan,sayuran,Bawang Merah,2021,0,ton,csv
Pagentan,sayuran,Cabai Besar,2021,5332.1,ton,csv
Pagentan,sayuran,Kentang,2021,0,ton,csv
Pagentan,sayuran,Kubis,2021,2655,ton,csv
Pagentan,sayuran,Petsai,2021,420,ton,csv
Pagentan,sayuran,Tomat,2021,235.8,ton,csv
Pagentan,sayuran,Bawang Putih,2021,288,ton,csv
Pagentan,sayuran,Cabai Rawit,2021,1332.5,ton,csv
Pagentan,buah_tahunan,Mangga,2021,0,ton,csv
Pagentan,buah_tahunan,Durian,2021,12,ton,csv
Pagentan,buah_tahunan,Jeruk Besar,2021,8.9,ton,csv
Pagentan,buah_tahunan,Pisang,2021,744.1,ton,csv
Pagentan,buah_tahunan,Pepaya,2021,18,ton,csv
Pagentan,buah_tahunan,Salak,2021,41960.9,ton,csv
Pagentan,buah_tahunan,Jeruk Siam,2021,0,ton,csv
Pagentan,tanaman_hias,Agloenema,2021,0,tangkai,csv
Pagentan,tanaman_hias,Krisan,2021,0,tangkai,csv
Pagentan,tanaman_hias,Mawar,2021,0,tangkai,csv
Pagentan,tanaman_hias,Soka,2021,0,tangkai,csv
Pagentan,biofarmaka,Jahe,2021,212100,tangkai,csv
Pagentan,biofarmaka,Laos,2021,0,tangkai,csv
Pagentan,biofarmaka,Kencur,2021,7860,tangkai,csv
Pagentan,biofarmaka,Kunyit,2021,38420,tangkai,csv
Pagentan,sayuran,Bawang Merah,2022,0,ton,csv
Pagentan,sayuran,Cabai Besar,2022,1521.9,ton,csv
Pagentan,sayuran,Kentang,2022,0,ton,csv
Pagentan,sayuran,Kubis,2022,1995,ton,csv
Pagentan,sayuran,Petsai,2022,403.7,ton,csv
Pagentan,sayuran,Tomat,2022,377,ton,csv
Pagentan,sayuran,Bawang Putih,2022,0,ton,csv
Pagentan,sayuran,Cabai Rawit,2022,2716.8,ton,csv
Pagentan,buah_tahunan,Mangga,2022,0.7,ton,csv
Pagentan,buah_tahunan,Durian,2022,6.6,ton,csv
Pagentan,buah_tahunan,Jeruk Besar,2022,6.4,ton,csv
Pagentan,buah_tahunan,Pisang,2022,643,ton,csv
Pagentan,buah_tahunan,Pepaya,2022,52.5,ton,csv
Pagentan,buah_tahunan,Salak,2022,73238.4,ton,csv
Pagentan,buah_tahunan,Jeruk Siam,2022,0.3,ton,csv
Pagentan,tanaman_hias,Agloenema,2022,0,tangkai,csv
Pagentan,tanaman_hias,Krisan,2022,0,tangkai,csv
Pagentan,tanaman_hias,Mawar,2022,0,tangkai,csv
Pagentan,tanaman_hias,Soka,2022,0,tangkai,csv
Pagentan,biofarmaka,Jahe,2022,461300,tangkai,csv
Pagentan,biofarmaka,Laos,2022,0,tangkai,csv
Pagentan,biofarmaka,Kencur,2022,5108,tangkai,csv
Pagentan,biofarmaka,Kunyit,2022,19028,tangkai,csv
Pagentan,sayuran,Bawang Merah,2023,0,ton,csv
Pagentan,sayuran,Cabai Besar,2023,5288.7,ton,csv
Pagentan,sayuran,Kentang,2023,0,ton,csv
Pagentan,sayuran,Kubis,2023,5000,ton,csv
Pagentan,sayuran,Petsai,2023,155.3,ton,csv
Pagentan,sayuran,Tomat,2023,252,ton,csv
Pagentan,sayuran,Bawang Putih,2023,0,ton,csv
Pagentan,sayuran,Cabai Rawit,2023,3967.2,ton,csv
Pagentan,buah_tahunan,Mangga,2023,0,ton,csv
Pagentan,buah_tahunan,Durian,2023,1.04,ton,csv
Pagentan,buah_tahunan,Jeruk Besar,2023,0.84,ton,csv
Pagentan,buah_tahunan,Pisang,2023,14.21,ton,csv
Pagentan,buah_tahunan,Pepaya,2023,3.99,ton,csv
Pagentan,buah_tahunan,Salak,2023,1186.29,ton,csv
Pagentan,buah_tahunan,Jeruk Siam,2023,0,ton,csv
Pagentan,tanaman_hias,Agloenema,2023,0,tangkai,csv
Pagentan,tanaman_hias,Krisan,2023,0,tangkai,csv
Pagentan,tanaman_hias,Mawar,2023,0,tangkai,csv
Pagentan,tanaman_hias,Soka,2023,0,tangkai,csv
Pagentan,biofarmaka,Jahe,2023,39720,tangkai,csv
Pagentan,biofarmaka,Laos,2023,0,tangkai,csv
Pagentan,biofarmaka,Kencur,2023,2650,tangkai,csv
Pagentan,biofarmaka,Kunyit,2023,6953,tangkai,csv
Pagentan,sayuran,Bawang Merah,2024,0,ton,csv
Pagentan,sayuran,Cabai Besar,2024,3492.8,ton,csv
Pagentan,sayuran,Kentang,2024,0,ton,csv
Pagentan,sayuran,Kubis,2024,3760,ton,csv
Pagentan,sayuran,Petsai,2024,266.2,ton,csv
Pagentan,sayuran,Tomat,2024,588,ton,csv
Pagentan,sayuran,Bawang Putih,2024,0,ton,csv
Pagentan,sayuran,Cabai Rawit,2024,2035.2,ton,csv
Pagentan,buah_tahunan,Mangga,2024,1.2,ton,csv
Pagentan,buah_tahunan,Durian,2024,45,ton,csv
Pagentan,buah_tahunan,Jeruk Besar,2024,7.7,ton,csv
Pagentan,buah_tahunan,Pisang,2024,8.19,ton,csv
Pagentan,buah_tahunan,Pepaya,2024,3.65,ton,csv
Pagentan,buah_tahunan,Salak,2024,11700.31,ton,csv
Pagentan,buah_tahunan,Jeruk Siam,2024,0.88,ton,csv
Pagentan,tanaman_hias,Agloenema,2024,0,tangkai,csv
Pagentan,tanaman_hias,Krisan,2024,0,tangkai,csv
Pagentan,tanaman_hias,Mawar,2024,0,tangkai,csv
Pagentan,tanaman_hias,Soka,2024,0,tangkai,csv
Pagentan,biofarmaka,Jahe,2024,117600,tangkai,csv
Pagentan,biofarmaka,Laos,2024,0,tangkai,csv
Pagentan,biofarmaka,Kencur,2024,35135,tangkai,csv
Pagentan,biofarmaka,Kunyit,2024,42400,tangkai,csv
Pandanarum,sayuran,Bawang Merah,2017,0,ton,csv
Pandanarum,sayuran,Cabai Besar,2017,0,ton,csv
Pandanarum,sayuran,Kentang,2017,0,ton,csv
Pandanarum,sayuran,Kubis,2017,0,ton,csv
Pandanarum,sayuran,Petsai,2017,0,ton,csv
Pandanarum,sayuran,Tomat,2017,0,ton,csv
Pandanarum,sayuran,Bawang Putih,2017,0,ton,csv
Pandanarum,sayuran,Cabai Rawit,2017,0,ton,csv
Pandanarum,buah_tahunan,Mangga,2017,0,ton,csv
Pandanarum,buah_tahunan,Durian,2017,0,ton,csv
Pandanarum,buah_tahunan,Pisang,2017,87.4,ton,csv
Pandanarum,buah_tahunan,Pepaya,2017,0,ton,csv
Pandanarum,buah_tahunan,Salak,2017,9,ton,csv
Pandanarum,sayuran,Bawang Merah,2018,0,ton,csv
Pandanarum,sayuran,Cabai Besar,2018,11.8,ton,csv
Pandanarum,sayuran,Kentang,2018,0,ton,csv
Pandanarum,sayuran,Kubis,2018,0,ton,csv
Pandanarum,sayuran,Petsai,2018,0,ton,csv
Pandanarum,sayuran,Tomat,2018,0,ton,csv
Pandanarum,sayuran,Bawang Putih,2018,0,ton,csv
Pandanarum,sayuran,Cabai Rawit,2018,8,ton,csv
Pandanarum,buah_tahunan,Mangga,2018,0,ton,csv
Pandanarum,buah_tahunan,Durian,2018,1.2,ton,csv
Pandanarum,buah_tahunan,Jeruk Besar,2018,0,ton,csv
Pandanarum,buah_tahunan,Pisang,2018,190.9,ton,csv
Pandanarum,buah_tahunan,Pepaya,2018,0,ton,csv
Pandanarum,buah_tahunan,Salak,2018,175.7,ton,csv
Pandanarum,buah_tahunan,Jeruk Siam,2018,0,ton,csv
Pandanarum,sayuran,Bawang Merah,2019,0,ton,csv
Pandanarum,sayuran,Cabai Besar,2019,14.8,ton,csv
Pandanarum,sayuran,Kentang,2019,0,ton,csv
Pandanarum,sayuran,Kubis,2019,7,ton,csv
Pandanarum,sayuran,Petsai,2019,0,ton,csv
Pandanarum,sayuran,Tomat,2019,0,ton,csv
Pandanarum,sayuran,Bawang Putih,2019,0,ton,csv
Pandanarum,sayuran,Cabai Rawit,2019,63.7,ton,csv
Pandanarum,buah_tahunan,Mangga,2019,0,ton,csv
Pandanarum,buah_tahunan,Durian,2019,97.1,ton,csv
Pandanarum,buah_tahunan,Jeruk Besar,2019,0,ton,csv
Pandanarum,buah_tahunan,Pisang,2019,374.3,ton,csv
Pandanarum,buah_tahunan,Pepaya,2019,0,ton,csv
Pandanarum,buah_tahunan,Salak,2019,131.2,ton,csv
Pandanarum,buah_tahunan,Jeruk Siam,2019,0,ton,csv
Pandanarum,tanaman_hias,Agloenema,2019,0,tangkai,csv
Pandanarum,tanaman_hias,Krisan,2019,0,tangkai,csv
Pandanarum,tanaman_hias,Mawar,2019,0,tangkai,csv
Pandanarum,tanaman_hias,Soka,2019,0,tangkai,csv
Pandanarum,biofarmaka,Jahe,2019,0,tangkai,csv
Pandanarum,biofarmaka,Laos,2019,0,tangkai,csv
Pandanarum,biofarmaka,Kencur,2019,0,tangkai,csv
Pandanarum,biofarmaka,Kunyit,2019,0,tangkai,csv
Pandanarum,sayuran,Bawang Merah,2020,0,ton,csv
Pandanarum,sayuran,Cabai Besar,2020,47.1,ton,csv
Pandanarum,sayuran,Kentang,2020,0,ton,csv
Pandanarum,sayuran,Kubis,2020,0,ton,csv
Pandanarum,sayuran,Petsai,2020,0,ton,csv
Pandanarum,sayuran,Tomat,2020,0,ton,csv
Pandanarum,sayuran,Bawang Putih,2020,0,ton,csv
Pandanarum,sayuran,Cabai Rawit,2020,47.1,ton,csv
Pandanarum,buah_tahunan,Mangga,2020,0,ton,csv
Pandanarum,buah_tahunan,Durian,2020,1.2,ton,csv
Pandanarum,buah_tahunan,Jeruk Besar,2020,0,ton,csv
Pandanarum,buah_tahunan,Pisang,2020,212.4,ton,csv
Pandanarum,buah_tahunan,Pepaya,2020,0,ton,csv
Pandanarum,buah_tahunan,Salak,2020,9,ton,csv
Pandanarum,buah_tahunan,Jeruk Siam,2020,0,ton,csv
Pandanarum,tanaman_hias,Agloenema,2020,0,tangkai,csv
Pandanarum,tanaman_hias,Krisan,2020,0,tangkai,csv
Pandanarum,tanaman_hias,Mawar,2020,0,tangkai,csv
Pandanarum,tanaman_hias,Soka,2020,0,tangkai,csv
Pandanarum,biofarmaka,Jahe,2020,0,tangkai,csv
Pandanarum,biofarmaka,Laos,2020,0,tangkai,csv
Pandanarum,biofarmaka,Kencur,2020,0,tangkai,csv
Pandanarum,biofarmaka,Kunyit,2020,0,tangkai,csv
Pandanarum,sayuran,Bawang Merah,2021,0,ton,csv
Pandanarum,sayuran,Cabai Besar,2021,16.9,ton,csv
Pandanarum,sayuran,Kentang,2021,0,ton,csv
Pandanarum,sayuran,Kubis,2021,0,ton,csv
Pandanarum,sayuran,Petsai,2021,0,ton,csv
Pandanarum,sayuran,Tomat,2021,0,ton,csv
Pandanarum,sayuran,Bawang Putih,2021,0,ton,csv
Pandanarum,sayuran,Cabai Rawit,2021,18.9,ton,csv
Pandanarum,buah_tahunan,Mangga,2021,0,ton,csv
Pandanarum,buah_tahunan,Durian,2021,2.2,ton,csv
Pandanarum,buah_tahunan,Jeruk Besar,2021,0,ton,csv
Pandanarum,buah_tahunan,Pisang,2021,233.5,ton,csv
Pandanarum,buah_tahunan,Pepaya,2021,0,ton,csv
Pandanarum,buah_tahunan,Salak,2021,54.5,ton,csv
Pandanarum,buah_tahunan,Jeruk Siam,2021,0,ton,csv
Pandanarum,tanaman_hias,Agloenema,2021,0,tangkai,csv
Pandanarum,tanaman_hias,Krisan,2021,0,tangkai,csv
Pandanarum,tanaman_hias,Mawar,2021,0,tangkai,csv
Pandanarum,tanaman_hias,Soka,2021,0,tangkai,csv
Pandanarum,biofarmaka,Jahe,2021,0,tangkai,csv
Pandanarum,biofarmaka,Laos,2021,0,tangkai,csv
Pandanarum,biofarmaka,Kencur,2021,0,tangkai,csv
Pandanarum,biofarmaka,Kunyit,2021,0,tangkai,csv
Pandanarum,sayuran,Bawang Merah,2022,0,ton,csv
Pandanarum,sayuran,Cabai Besar,2022,16.4,ton,csv
Pandanarum,sayuran,Kentang,2022,0,ton,csv
Pandanarum,sayuran,Kubis,2022,0,ton,csv
Pandanarum,sayuran,Petsai,2022,0,ton,csv
Pandanarum,sayuran,Tomat,2022,0.7,ton,csv
Pandanarum,sayuran,Bawang Putih,2022,0,ton,csv
Pandanarum,sayuran,Cabai Rawit,2022,16.9,ton,csv
Pandanarum,buah_tahunan,Mangga,2022,0,ton,csv
Pandanarum,buah_tahunan,Durian,2022,0.7,ton,csv
Pandanarum,buah_tahunan,Jeruk Besar,2022,0,ton,csv
Pandanarum,buah_tahunan,Pisang,2022,240,ton,csv
Pandanarum,buah_tahunan,Pepaya,2022,0,ton,csv
Pandanarum,buah_tahunan,Salak,2022,72,ton,csv
Pandanarum,buah_tahunan,Jeruk Siam,2022,0,ton,csv
Pandanarum,tanaman_hias,Agloenema,2022,0,tangkai,csv
Pandanarum,tanaman_hias,Krisan,2022,0,tangkai,csv
Pandanarum,tanaman_hias,Mawar,2022,0,tangkai,csv
Pandanarum,tanaman_hias,Soka,2022,0,tangkai,csv
Pandanarum,biofarmaka,Jahe,2022,0,tangkai,csv
Pandanarum,biofarmaka,Laos,2022,0,tangkai,csv
Pandanarum,biofarmaka,Kencur,2022,0,tangkai,csv
Pandanarum,biofarmaka,Kunyit,2022,0,tangkai,csv
Pandanarum,sayuran,Bawang Merah,2023,0,ton,csv
Pandanarum,sayuran,Cabai Besar,2023,34.7,ton,csv
Pandanarum,sayuran,Kentang,2023,0,ton,csv
Pandanarum,sayuran,Kubis,2023,0,ton,csv
Pandanarum,sayuran,Petsai,2023,0,ton,csv
Pandanarum,sayuran,Tomat,2023,0,ton,csv
Pandanarum,sayuran,Bawang Putih,2023,0,ton,csv
Pandanarum,sayuran,Cabai Rawit,2023,18,ton,csv
Pandanarum,buah_tahunan,Mangga,2023,0,ton,csv
Pandanarum,buah_tahunan,Pisang,2023,80,ton,csv
Pandanarum,buah_tahunan,Pepaya,2023,0,ton,csv
Pandanarum,buah_tahunan,Salak,2023,0,ton,csv
Pandanarum,buah_tahunan,Jeruk Siam,2023,0,ton,csv
Pandanarum,tanaman_hias,Agloenema,2023,0,tangkai,csv
Pandanarum,tanaman_hias,Krisan,2023,0,tangkai,csv
Pandanarum,tanaman_hias,Mawar,2023,0,tangkai,csv
Pandanarum,tanaman_hias,Soka,2023,0,tangkai,csv
Pandanarum,biofarmaka,Jahe,2023,0,tangkai,csv
Pandanarum,biofarmaka,Laos,2023,0,tangkai,csv
Pandanarum,biofarmaka,Kencur,2023,0,tangkai,csv
Pandanarum,biofarmaka,Kunyit,2023,0,tangkai,csv
Pandanarum,sayuran,Bawang Merah,2024,0,ton,csv
Pandanarum,sayuran,Cabai Besar,2024,1283.4,ton,csv
Pandanarum,sayuran,Kentang,2024,0,ton,csv
Pandanarum,sayuran,Kubis,2024,0,ton,csv
Pandanarum,sayuran,Petsai,2024,0,ton,csv
Pandanarum,sayuran,Tomat,2024,0,ton,csv
Pandanarum,sayuran,Bawang Putih,2024,0,ton,csv
Pandanarum,sayuran,Cabai Rawit,2024,644.8,ton,csv
Pandanarum,buah_tahunan,Mangga,2024,0,ton,csv
Pandanarum,buah_tahunan,Durian,2024,3,ton,csv
Pandanarum,buah_tahunan,Jeruk Besar,2024,0,ton,csv
Pandanarum,buah_tahunan,Pisang,2024,2600,ton,csv
Pandanarum,buah_tahunan,Pepaya,2024,0,ton,csv
Pandanarum,buah_tahunan,Salak,2024,0,ton,csv
Pandanarum,buah_tahunan,Jeruk Siam,2024,0,ton,csv
Pandanarum,tanaman_hias,Agloenema,2024,0,tangkai,csv
Pandanarum,tanaman_hias,Krisan,2024,0,tangkai,csv
Pandanarum,tanaman_hias,Mawar,2024,0,tangkai,csv
Pandanarum,tanaman_hias,Soka,2024,0,tangkai,csv
Pandanarum,biofarmaka,Jahe,2024,0,tangkai,csv
Pandanarum,biofarmaka,Laos,2024,0,tangkai,csv
Pandanarum,biofarmaka,Kencur,2024,0,tangkai,csv
Pandanarum,biofarmaka,Kunyit,2024,0,tangkai,csv
Pejawaran,sayuran,Bawang Merah,2017,0,ton,csv
Pejawaran,sayuran,Cabai Besar,2017,0,ton,csv
Pejawaran,sayuran,Kentang,2017,36542.5,ton,csv
Pejawaran,sayuran,Kubis,2017,10148.1,ton,csv
Pejawaran,sayuran,Petsai,2017,0,ton,csv
Pejawaran,sayuran,Tomat,2017,3772.8,ton,csv
Pejawaran,sayuran,Bawang Putih,2017,0,ton,csv
Pejawaran,sayuran,Cabai Rawit,2017,0,ton,csv
Pejawaran,buah_tahunan,Mangga,2017,0,ton,csv
Pejawaran,buah_tahunan,Durian,2017,0,ton,csv
Pejawaran,buah_tahunan,Pisang,2017,758,ton,csv
Pejawaran,buah_tahunan,Pepaya,2017,0,ton,csv
Pejawaran,buah_tahunan,Salak,2017,964.5,ton,csv
Pejawaran,sayuran,Bawang Merah,2018,0,ton,csv
Pejawaran,sayuran,Cabai Besar,2018,6174.4,ton,csv
Pejawaran,sayuran,Kentang,2018,44164.8,ton,csv
Pejawaran,sayuran,Kubis,2018,11611.7,ton,csv
Pejawaran,sayuran,Petsai,2018,0,ton,csv
Pejawaran,sayuran,Tomat,2018,2106.5,ton,csv
Pejawaran,sayuran,Bawang Putih,2018,0,ton,csv
Pejawaran,sayuran,Cabai Rawit,2018,1113,ton,csv
Pejawaran,buah_tahunan,Mangga,2018,0,ton,csv
Pejawaran,buah_tahunan,Durian,2018,0,ton,csv
Pejawaran,buah_tahunan,Jeruk Besar,2018,0,ton,csv
Pejawaran,buah_tahunan,Pisang,2018,1976.1,ton,csv
Pejawaran,buah_tahunan,Pepaya,2018,0,ton,csv
Pejawaran,buah_tahunan,Salak,2018,625.7,ton,csv
Pejawaran,buah_tahunan,Jeruk Siam,2018,4.5,ton,csv
Pejawaran,sayuran,Bawang Merah,2019,0,ton,csv
Pejawaran,sayuran,Cabai Besar,2019,4926.6,ton,csv
Pejawaran,sayuran,Kentang,2019,43406.6,ton,csv
Pejawaran,sayuran,Kubis,2019,10908.5,ton,csv
Pejawaran,sayuran,Petsai,2019,4474.7,ton,csv
Pejawaran,sayuran,Tomat,2019,7028.9,ton,csv
Pejawaran,sayuran,Bawang Putih,2019,322,ton,csv
Pejawaran,sayuran,Cabai Rawit,2019,6546.7,ton,csv
Pejawaran,buah_tahunan,Mangga,2019,0,ton,csv
Pejawaran,buah_tahunan,Durian,2019,0,ton,csv
Pejawaran,buah_tahunan,Jeruk Besar,2019,0,ton,csv
Pejawaran,buah_tahunan,Pisang,2019,1254.4,ton,csv
Pejawaran,buah_tahunan,Pepaya,2019,0,ton,csv
Pejawaran,buah_tahunan,Salak,2019,575.4,ton,csv
Pejawaran,buah_tahunan,Jeruk Siam,2019,0,ton,csv
Pejawaran,tanaman_hias,Agloenema,2019,0,tangkai,csv
Pejawaran,tanaman_hias,Krisan,2019,0,tangkai,csv
Pejawaran,tanaman_hias,Mawar,2019,0,tangkai,csv
Pejawaran,tanaman_hias,Soka,2019,0,tangkai,csv
Pejawaran,biofarmaka,Jahe,2019,17604,tangkai,csv
Pejawaran,biofarmaka,Laos,2019,8600,tangkai,csv
Pejawaran,biofarmaka,Kencur,2019,0,tangkai,csv
Pejawaran,biofarmaka,Kunyit,2019,10000,tangkai,csv
Pejawaran,sayuran,Bawang Merah,2020,0,ton,csv
Pejawaran,sayuran,Cabai Besar,2020,6159.8,ton,csv
Pejawaran,sayuran,Kentang,2020,49806.5,ton,csv
Pejawaran,sayuran,Kubis,2020,27965,ton,csv
Pejawaran,sayuran,Petsai,2020,4256,ton,csv
Pejawaran,sayuran,Tomat,2020,9059.4,ton,csv
Pejawaran,sayuran,Bawang Putih,2020,269,ton,csv
Pejawaran,sayuran,Cabai Rawit,2020,7651.5,ton,csv
Pejawaran,buah_tahunan,Mangga,2020,0,ton,csv
Pejawaran,buah_tahunan,Durian,2020,0,ton,csv
Pejawaran,buah_tahunan,Jeruk Besar,2020,0,ton,csv
Pejawaran,buah_tahunan,Pisang,2020,1711.4,ton,csv
Pejawaran,buah_tahunan,Pepaya,2020,0,ton,csv
Pejawaran,buah_tahunan,Salak,2020,354,ton,csv
Pejawaran,buah_tahunan,Jeruk Siam,2020,0,ton,csv
Pejawaran,tanaman_hias,Agloenema,2020,0,tangkai,csv
Pejawaran,tanaman_hias,Krisan,2020,0,tangkai,csv
Pejawaran,tanaman_hias,Mawar,2020,0,tangkai,csv
Pejawaran,tanaman_hias,Soka,2020,0,tangkai,csv
Pejawaran,biofarmaka,Jahe,2020,14350,tangkai,csv
Pejawaran,biofarmaka,Laos,2020,8360,tangkai,csv
Pejawaran,biofarmaka,Kencur,2020,0,tangkai,csv
Pejawaran,biofarmaka,Kunyit,2020,10200,tangkai,csv
Pejawaran,sayuran,Bawang Merah,2021,0,ton,csv
Pejawaran,sayuran,Cabai Besar,2021,5215.1,ton,csv
Pejawaran,sayuran,Kentang,2021,46508,ton,csv
Pejawaran,sayuran,Kubis,2021,14053,ton,csv
Pejawaran,sayuran,Petsai,2021,3769.5,ton,csv
Pejawaran,sayuran,Tomat,2021,7509.7,ton,csv
Pejawaran,sayuran,Bawang Putih,2021,279,ton,csv
Pejawaran,sayuran,Cabai Rawit,2021,4601.4,ton,csv
Pejawaran,buah_tahunan,Mangga,2021,0,ton,csv
Pejawaran,buah_tahunan,Durian,2021,0,ton,csv
Pejawaran,buah_tahunan,Jeruk Besar,2021,0,ton,csv
Pejawaran,buah_tahunan,Pisang,2021,1623.5,ton,csv
Pejawaran,buah_tahunan,Pepaya,2021,0,ton,csv
Pejawaran,buah_tahunan,Salak,2021,276,ton,csv
Pejawaran,buah_tahunan,Jeruk Siam,2021,0,ton,csv
Pejawaran,tanaman_hias,Agloenema,2021,0,tangkai,csv
Pejawaran,tanaman_hias,Krisan,2021,0,tangkai,csv
Pejawaran,tanaman_hias,Mawar,2021,0,tangkai,csv
Pejawaran,tanaman_hias,Soka,2021,0,tangkai,csv
Pejawaran,biofarmaka,Jahe,2021,15090,tangkai,csv
Pejawaran,biofarmaka,Laos,2021,6560,tangkai,csv
Pejawaran,biofarmaka,Kencur,2021,0,tangkai,csv
Pejawaran,biofarmaka,Kunyit,2021,6750,tangkai,csv
Pejawaran,sayuran,Bawang Merah,2022,0,ton,csv
Pejawaran,sayuran,Cabai Besar,2022,5656.8,ton,csv
Pejawaran,sayuran,Kentang,2022,44278,ton,csv
Pejawaran,sayuran,Kubis,2022,12985,ton,csv
Pejawaran,sayuran,Petsai,2022,4644,ton,csv
Pejawaran,sayuran,Tomat,2022,9228.4,ton,csv
Pejawaran,sayuran,Bawang Putih,2022,0,ton,csv
Pejawaran,sayuran,Cabai Rawit,2022,5259.6,ton,csv
Pejawaran,buah_tahunan,Mangga,2022,0,ton,csv
Pejawaran,buah_tahunan,Durian,2022,0,ton,csv
Pejawaran,buah_tahunan,Jeruk Besar,2022,0,ton,csv
Pejawaran,buah_tahunan,Pisang,2022,1091.8,ton,csv
Pejawaran,buah_tahunan,Pepaya,2022,0,ton,csv
Pejawaran,buah_tahunan,Salak,2022,171.4,ton,csv
Pejawaran,buah_tahunan,Jeruk Siam,2022,0,ton,csv
Pejawaran,tanaman_hias,Agloenema,2022,0,tangkai,csv
Pejawaran,tanaman_hias,Krisan,2022,0,tangkai,csv
Pejawaran,tanaman_hias,Mawar,2022,0,tangkai,csv
Pejawaran,tanaman_hias,Soka,2022,0,tangkai,csv
Pejawaran,biofarmaka,Jahe,2022,21200,tangkai,csv
Pejawaran,biofarmaka,Laos,2022,4800,tangkai,csv
Pejawaran,biofarmaka,Kencur,2022,0,tangkai,csv
Pejawaran,biofarmaka,Kunyit,2022,5100,tangkai,csv
Pejawaran,sayuran,Bawang Merah,2023,0,ton,csv
Pejawaran,sayuran,Cabai Besar,2023,6858.2,ton,csv
Pejawaran,sayuran,Kentang,2023,24947,ton,csv
Pejawaran,sayuran,Kubis,2023,13780,ton,csv
Pejawaran,sayuran,Petsai,2023,3348,ton,csv
Pejawaran,sayuran,Tomat,2023,12885,ton,csv
Pejawaran,sayuran,Bawang Putih,2023,0,ton,csv
Pejawaran,sayuran,Cabai Rawit,2023,8138.3,ton,csv
Pejawaran,buah_tahunan,Mangga,2023,0,ton,csv
Pejawaran,buah_tahunan,Durian,2023,0,ton,csv
Pejawaran,buah_tahunan,Pisang,2023,357.6,ton,csv
Pejawaran,buah_tahunan,Pepaya,2023,0,ton,csv
Pejawaran,buah_tahunan,Salak,2023,39,ton,csv
Pejawaran,buah_tahunan,Jeruk Siam,2023,0,ton,csv
Pejawaran,tanaman_hias,Agloenema,2023,0,tangkai,csv
Pejawaran,tanaman_hias,Krisan,2023,0,tangkai,csv
Pejawaran,tanaman_hias,Mawar,2023,0,tangkai,csv
Pejawaran,tanaman_hias,Soka,2023,0,tangkai,csv
Pejawaran,biofarmaka,Jahe,2023,12080,tangkai,csv
Pejawaran,biofarmaka,Laos,2023,3290,tangkai,csv
Pejawaran,biofarmaka,Kencur,2023,0,tangkai,csv
Pejawaran,biofarmaka,Kunyit,2023,5000,tangkai,csv
Pejawaran,sayuran,Bawang Merah,2024,0,ton,csv
Pejawaran,sayuran,Cabai Besar,2024,2694.7,ton,csv
Pejawaran,sayuran,Kentang,2024,25194,ton,csv
Pejawaran,sayuran,Kubis,2024,4800,ton,csv
Pejawaran,sayuran,Petsai,2024,1692,ton,csv
Pejawaran,sayuran,Tomat,2024,16553.4,ton,csv
Pejawaran,sayuran,Bawang Putih,2024,0,ton,csv
Pejawaran,sayuran,Cabai Rawit,2024,3629.9,ton,csv
Pejawaran,buah_tahunan,Mangga,2024,0,ton,csv
Pejawaran,buah_tahunan,Durian,2024,0,ton,csv
Pejawaran,buah_tahunan,Jeruk Besar,2024,0,ton,csv
Pejawaran,buah_tahunan,Pisang,2024,347,ton,csv
Pejawaran,buah_tahunan,Pepaya,2024,0,ton,csv
Pejawaran,buah_tahunan,Salak,2024,40,ton,csv
Pejawaran,buah_tahunan,Jeruk Siam,2024,20,ton,csv
Pejawaran,tanaman_hias,Agloenema,2024,0,tangkai,csv
Pejawaran,tanaman_hias,Krisan,2024,0,tangkai,csv
Pejawaran,tanaman_hias,Mawar,2024,0,tangkai,csv
Pejawaran,tanaman_hias,Soka,2024,0,tangkai,csv
Pejawaran,biofarmaka,Jahe,2024,6560,tangkai,csv
Pejawaran,biofarmaka,Laos,2024,1540,tangkai,csv
Pejawaran,biofarmaka,Kencur,2024,0,tangkai,csv
Pejawaran,biofarmaka,Kunyit,2024,3330,tangkai,csv
Punggelan,sayuran,Bawang Merah,2017,0,ton,csv
Punggelan,sayuran,Cabai Besar,2017,0,ton,csv
Punggelan,sayuran,Kentang,2017,0,ton,csv
Punggelan,sayuran,Kubis,2017,0,ton,csv
Punggelan,sayuran,Petsai,2017,0,ton,csv
Punggelan,sayuran,Tomat,2017,0,ton,csv
Punggelan,sayuran,Bawang Putih,2017,0,ton,csv
Punggelan,sayuran,Cabai Rawit,2017,0,ton,csv
Punggelan,buah_tahunan,Mangga,2017,0.1,ton,csv
Punggelan,buah_tahunan,Durian,2017,94.2,ton,csv
Punggelan,buah_tahunan,Pisang,2017,859.5,ton,csv
Punggelan,buah_tahunan,Pepaya,2017,78.7,ton,csv
Punggelan,buah_tahunan,Salak,2017,1043.2,ton,csv
Punggelan,sayuran,Bawang Merah,2018,0,ton,csv
Punggelan,sayuran,Cabai Besar,2018,0,ton,csv
Punggelan,sayuran,Kentang,2018,0,ton,csv
Punggelan,sayuran,Kubis,2018,0,ton,csv
Punggelan,sayuran,Petsai,2018,0,ton,csv
Punggelan,sayuran,Tomat,2018,0,ton,csv
Punggelan,sayuran,Bawang Putih,2018,0,ton,csv
Punggelan,sayuran,Cabai Rawit,2018,0,ton,csv
Punggelan,buah_tahunan,Mangga,2018,2,ton,csv
Punggelan,buah_tahunan,Durian,2018,300,ton,csv
Punggelan,buah_tahunan,Jeruk Besar,2018,0,ton,csv
Punggelan,buah_tahunan,Pisang,2018,1768,ton,csv
Punggelan,buah_tahunan,Pepaya,2018,132.6,ton,csv
Punggelan,buah_tahunan,Salak,2018,627,ton,csv
Punggelan,buah_tahunan,Jeruk Siam,2018,0,ton,csv
Punggelan,sayuran,Bawang Merah,2019,0,ton,csv
Punggelan,sayuran,Cabai Besar,2019,0,ton,csv
Punggelan,sayuran,Kentang,2019,0,ton,csv
Punggelan,sayuran,Kubis,2019,0,ton,csv
Punggelan,sayuran,Petsai,2019,0,ton,csv
Punggelan,sayuran,Tomat,2019,0,ton,csv
Punggelan,sayuran,Bawang Putih,2019,0,ton,csv
Punggelan,sayuran,Cabai Rawit,2019,0,ton,csv
Punggelan,buah_tahunan,Mangga,2019,10,ton,csv
Punggelan,buah_tahunan,Durian,2019,464.7,ton,csv
Punggelan,buah_tahunan,Jeruk Besar,2019,0,ton,csv
Punggelan,buah_tahunan,Pisang,2019,608,ton,csv
Punggelan,buah_tahunan,Pepaya,2019,41.8,ton,csv
Punggelan,buah_tahunan,Salak,2019,133.5,ton,csv
Punggelan,buah_tahunan,Jeruk Siam,2019,0,ton,csv
Punggelan,tanaman_hias,Agloenema,2019,0,tangkai,csv
Punggelan,tanaman_hias,Krisan,2019,0,tangkai,csv
Punggelan,tanaman_hias,Mawar,2019,0,tangkai,csv
Punggelan,tanaman_hias,Soka,2019,0,tangkai,csv
Punggelan,biofarmaka,Jahe,2019,0,tangkai,csv
Punggelan,biofarmaka,Laos,2019,0,tangkai,csv
Punggelan,biofarmaka,Kencur,2019,0,tangkai,csv
Punggelan,biofarmaka,Kunyit,2019,0,tangkai,csv
Punggelan,sayuran,Bawang Merah,2020,0,ton,csv
Punggelan,sayuran,Cabai Besar,2020,0,ton,csv
Punggelan,sayuran,Kentang,2020,0,ton,csv
Punggelan,sayuran,Kubis,2020,0,ton,csv
Punggelan,sayuran,Petsai,2020,0,ton,csv
Punggelan,sayuran,Tomat,2020,0,ton,csv
Punggelan,sayuran,Bawang Putih,2020,0,ton,csv
Punggelan,sayuran,Cabai Rawit,2020,0,ton,csv
Punggelan,buah_tahunan,Mangga,2020,10,ton,csv
Punggelan,buah_tahunan,Durian,2020,230.4,ton,csv
Punggelan,buah_tahunan,Jeruk Besar,2020,0,ton,csv
Punggelan,buah_tahunan,Pisang,2020,530,ton,csv
Punggelan,buah_tahunan,Pepaya,2020,46.4,ton,csv
Punggelan,buah_tahunan,Salak,2020,240,ton,csv
Punggelan,buah_tahunan,Jeruk Siam,2020,0,ton,csv
Punggelan,tanaman_hias,Agloenema,2020,0,tangkai,csv
Punggelan,tanaman_hias,Krisan,2020,0,tangkai,csv
Punggelan,tanaman_hias,Mawar,2020,0,tangkai,csv
Punggelan,tanaman_hias,Soka,2020,0,tangkai,csv
Punggelan,biofarmaka,Jahe,2020,2400,tangkai,csv
Punggelan,biofarmaka,Laos,2020,0,tangkai,csv
Punggelan,biofarmaka,Kencur,2020,0,tangkai,csv
Punggelan,biofarmaka,Kunyit,2020,0,tangkai,csv
Punggelan,sayuran,Bawang Merah,2021,0,ton,csv
Punggelan,sayuran,Cabai Besar,2021,1.4,ton,csv
Punggelan,sayuran,Kentang,2021,0,ton,csv
Punggelan,sayuran,Kubis,2021,0,ton,csv
Punggelan,sayuran,Petsai,2021,0,ton,csv
Punggelan,sayuran,Tomat,2021,0,ton,csv
Punggelan,sayuran,Bawang Putih,2021,0,ton,csv
Punggelan,sayuran,Cabai Rawit,2021,2.2,ton,csv
Punggelan,buah_tahunan,Mangga,2021,2.3,ton,csv
Punggelan,buah_tahunan,Durian,2021,13,ton,csv
Punggelan,buah_tahunan,Jeruk Besar,2021,0,ton,csv
Punggelan,buah_tahunan,Pisang,2021,3342,ton,csv
Punggelan,buah_tahunan,Pepaya,2021,61.8,ton,csv
Punggelan,buah_tahunan,Salak,2021,1450,ton,csv
Punggelan,buah_tahunan,Jeruk Siam,2021,0,ton,csv
Punggelan,tanaman_hias,Agloenema,2021,0,tangkai,csv
Punggelan,tanaman_hias,Krisan,2021,0,tangkai,csv
Punggelan,tanaman_hias,Mawar,2021,0,tangkai,csv
Punggelan,tanaman_hias,Soka,2021,0,tangkai,csv
Punggelan,biofarmaka,Jahe,2021,9400,tangkai,csv
Punggelan,biofarmaka,Laos,2021,0,tangkai,csv
Punggelan,biofarmaka,Kencur,2021,0,tangkai,csv
Punggelan,biofarmaka,Kunyit,2021,0,tangkai,csv
Punggelan,sayuran,Bawang Merah,2022,0,ton,csv
Punggelan,sayuran,Cabai Besar,2022,0,ton,csv
Punggelan,sayuran,Kentang,2022,0,ton,csv
Punggelan,sayuran,Kubis,2022,0,ton,csv
Punggelan,sayuran,Petsai,2022,0,ton,csv
Punggelan,sayuran,Tomat,2022,0,ton,csv
Punggelan,sayuran,Bawang Putih,2022,0,ton,csv
Punggelan,sayuran,Cabai Rawit,2022,5.9,ton,csv
Punggelan,buah_tahunan,Mangga,2022,0,ton,csv
Punggelan,buah_tahunan,Durian,2022,5476.1,ton,csv
Punggelan,buah_tahunan,Jeruk Besar,2022,0,ton,csv
Punggelan,buah_tahunan,Pisang,2022,681.2,ton,csv
Punggelan,buah_tahunan,Pepaya,2022,12.9,ton,csv
Punggelan,buah_tahunan,Salak,2022,328,ton,csv
Punggelan,buah_tahunan,Jeruk Siam,2022,0,ton,csv
Punggelan,tanaman_hias,Agloenema,2022,0,tangkai,csv
Punggelan,tanaman_hias,Krisan,2022,0,tangkai,csv
Punggelan,tanaman_hias,Mawar,2022,0,tangkai,csv
Punggelan,tanaman_hias,Soka,2022,0,tangkai,csv
Punggelan,biofarmaka,Jahe,2022,500,tangkai,csv
Punggelan,biofarmaka,Laos,2022,1410,tangkai,csv
Punggelan,biofarmaka,Kencur,2022,0,tangkai,csv
Punggelan,biofarmaka,Kunyit,2022,0,tangkai,csv
Punggelan,sayuran,Bawang Merah,2023,0,ton,csv
Punggelan,sayuran,Cabai Besar,2023,0,ton,csv
Punggelan,sayuran,Kentang,2023,0,ton,csv
Punggelan,sayuran,Kubis,2023,0,ton,csv
Punggelan,sayuran,Petsai,2023,0,ton,csv
Punggelan,sayuran,Tomat,2023,0,ton,csv
Punggelan,sayuran,Bawang Putih,2023,0,ton,csv
Punggelan,sayuran,Cabai Rawit,2023,5.2,ton,csv
Punggelan,buah_tahunan,Mangga,2023,1320,ton,csv
Punggelan,buah_tahunan,Durian,2023,288325,ton,csv
Punggelan,buah_tahunan,Pisang,2023,11700,ton,csv
Punggelan,buah_tahunan,Pepaya,2023,162,ton,csv
Punggelan,buah_tahunan,Salak,2023,1552,ton,csv
Punggelan,buah_tahunan,Jeruk Siam,2023,0,ton,csv
Punggelan,tanaman_hias,Agloenema,2023,0,tangkai,csv
Punggelan,tanaman_hias,Krisan,2023,0,tangkai,csv
Punggelan,tanaman_hias,Mawar,2023,0,tangkai,csv
Punggelan,tanaman_hias,Soka,2023,0,tangkai,csv
Punggelan,biofarmaka,Jahe,2023,0,tangkai,csv
Punggelan,biofarmaka,Laos,2023,3000,tangkai,csv
Punggelan,biofarmaka,Kencur,2023,0,tangkai,csv
Punggelan,biofarmaka,Kunyit,2023,0,tangkai,csv
Punggelan,sayuran,Bawang Merah,2024,0,ton,csv
Punggelan,sayuran,Cabai Besar,2024,0,ton,csv
Punggelan,sayuran,Kentang,2024,0,ton,csv
Punggelan,sayuran,Kubis,2024,0,ton,csv
Punggelan,sayuran,Petsai,2024,0,ton,csv
Punggelan,sayuran,Tomat,2024,90,ton,csv
Punggelan,sayuran,Bawang Putih,2024,0,ton,csv
Punggelan,sayuran,Cabai Rawit,2024,46,ton,csv
Punggelan,buah_tahunan,Mangga,2024,158.8,ton,csv
Punggelan,buah_tahunan,Durian,2024,980,ton,csv
Punggelan,buah_tahunan,Jeruk Besar,2024,0,ton,csv
Punggelan,buah_tahunan,Pisang,2024,940,ton,csv
Punggelan,buah_tahunan,Pepaya,2024,19.5,ton,csv
Punggelan,buah_tahunan,Salak,2024,97.2,ton,csv
Punggelan,buah_tahunan,Jeruk Siam,2024,0,ton,csv
Punggelan,tanaman_hias,Agloenema,2024,0,tangkai,csv
Punggelan,tanaman_hias,Krisan,2024,0,tangkai,csv
Punggelan,tanaman_hias,Mawar,2024,0,tangkai,csv
Punggelan,tanaman_hias,Soka,2024,0,tangkai,csv
Punggelan,biofarmaka,Jahe,2024,96,tangkai,csv
Punggelan,biofarmaka,Laos,2024,0,tangkai,csv
Punggelan,biofarmaka,Kencur,2024,75,tangkai,csv
Punggelan,biofarmaka,Kunyit,2024,65,tangkai,csv
Purwanegara,sayuran,Bawang Merah,2017,0,ton,csv
Purwanegara,sayuran,Cabai Besar,2017,0,ton,csv
Purwanegara,sayuran,Kentang,2017,0,ton,csv
Purwanegara,sayuran,Kubis,2017,0,ton,csv
Purwanegara,sayuran,Petsai,2017,0,ton,csv
Purwanegara,sayuran,Tomat,2017,121.4,ton,csv
Purwanegara,sayuran,Bawang Putih,2017,0,ton,csv
Purwanegara,sayuran,Cabai Rawit,2017,0,ton,csv
Purwanegara,buah_tahunan,Mangga,2017,1243.9,ton,csv
Purwanegara,buah_tahunan,Durian,2017,1967.1,ton,csv
Purwanegara,buah_tahunan,Pisang,2017,1115,ton,csv
Purwanegara,buah_tahunan,Pepaya,2017,54.8,ton,csv
Purwanegara,buah_tahunan,Salak,2017,0,ton,csv
Purwanegara,sayuran,Bawang Merah,2018,0,ton,csv
Purwanegara,sayuran,Cabai Besar,2018,6596,ton,csv
Purwanegara,sayuran,Kentang,2018,0,ton,csv
Purwanegara,sayuran,Kubis,2018,0,ton,csv
Purwanegara,sayuran,Petsai,2018,0,ton,csv
Purwanegara,sayuran,Tomat,2018,34.1,ton,csv
Purwanegara,sayuran,Bawang Putih,2018,0,ton,csv
Purwanegara,sayuran,Cabai Rawit,2018,22,ton,csv
Purwanegara,buah_tahunan,Mangga,2018,380.9,ton,csv
Purwanegara,buah_tahunan,Durian,2018,1500.9,ton,csv
Purwanegara,buah_tahunan,Jeruk Besar,2018,99.1,ton,csv
Purwanegara,buah_tahunan,Pisang,2018,1215.6,ton,csv
Purwanegara,buah_tahunan,Pepaya,2018,338.9,ton,csv
Purwanegara,buah_tahunan,Salak,2018,0,ton,csv
Purwanegara,buah_tahunan,Jeruk Siam,2018,0,ton,csv
Purwanegara,sayuran,Bawang Merah,2019,30.6,ton,csv
Purwanegara,sayuran,Cabai Besar,2019,10295.1,ton,csv
Purwanegara,sayuran,Kentang,2019,0,ton,csv
Purwanegara,sayuran,Kubis,2019,0,ton,csv
Purwanegara,sayuran,Petsai,2019,0,ton,csv
Purwanegara,sayuran,Tomat,2019,804,ton,csv
Purwanegara,sayuran,Bawang Putih,2019,0,ton,csv
Purwanegara,sayuran,Cabai Rawit,2019,680.2,ton,csv
Purwanegara,buah_tahunan,Mangga,2019,413.1,ton,csv
Purwanegara,buah_tahunan,Durian,2019,968.8,ton,csv
Purwanegara,buah_tahunan,Jeruk Besar,2019,72.5,ton,csv
Purwanegara,buah_tahunan,Pisang,2019,548.7,ton,csv
Purwanegara,buah_tahunan,Pepaya,2019,996.9,ton,csv
Purwanegara,buah_tahunan,Salak,2019,0,ton,csv
Purwanegara,buah_tahunan,Jeruk Siam,2019,0,ton,csv
Purwanegara,tanaman_hias,Agloenema,2019,0,tangkai,csv
Purwanegara,tanaman_hias,Krisan,2019,0,tangkai,csv
Purwanegara,tanaman_hias,Mawar,2019,0,tangkai,csv
Purwanegara,tanaman_hias,Soka,2019,0,tangkai,csv
Purwanegara,biofarmaka,Jahe,2019,16654,tangkai,csv
Purwanegara,biofarmaka,Laos,2019,3487,tangkai,csv
Purwanegara,biofarmaka,Kencur,2019,4257,tangkai,csv
Purwanegara,biofarmaka,Kunyit,2019,2625,tangkai,csv
Purwanegara,sayuran,Bawang Merah,2020,7.7,ton,csv
Purwanegara,sayuran,Cabai Besar,2020,9152.5,ton,csv
Purwanegara,sayuran,Kentang,2020,0,ton,csv
Purwanegara,sayuran,Kubis,2020,0,ton,csv
Purwanegara,sayuran,Petsai,2020,0,ton,csv
Purwanegara,sayuran,Tomat,2020,1110.7,ton,csv
Purwanegara,sayuran,Bawang Putih,2020,0,ton,csv
Purwanegara,sayuran,Cabai Rawit,2020,355.4,ton,csv
Purwanegara,buah_tahunan,Mangga,2020,238,ton,csv
Purwanegara,buah_tahunan,Durian,2020,9.1,ton,csv
Purwanegara,buah_tahunan,Jeruk Besar,2020,90.5,ton,csv
Purwanegara,buah_tahunan,Pisang,2020,1018.8,ton,csv
Purwanegara,buah_tahunan,Pepaya,2020,1571.5,ton,csv
Purwanegara,buah_tahunan,Salak,2020,0,ton,csv
Purwanegara,buah_tahunan,Jeruk Siam,2020,0,ton,csv
Purwanegara,tanaman_hias,Agloenema,2020,0,tangkai,csv
Purwanegara,tanaman_hias,Krisan,2020,0,tangkai,csv
Purwanegara,tanaman_hias,Mawar,2020,0,tangkai,csv
Purwanegara,tanaman_hias,Soka,2020,0,tangkai,csv
Purwanegara,biofarmaka,Jahe,2020,0,tangkai,csv
Purwanegara,biofarmaka,Laos,2020,2250,tangkai,csv
Purwanegara,biofarmaka,Kencur,2020,3920,tangkai,csv
Purwanegara,biofarmaka,Kunyit,2020,1800,tangkai,csv
Purwanegara,sayuran,Bawang Merah,2021,45,ton,csv
Purwanegara,sayuran,Cabai Besar,2021,4764.9,ton,csv
Purwanegara,sayuran,Kentang,2021,0,ton,csv
Purwanegara,sayuran,Kubis,2021,0,ton,csv
Purwanegara,sayuran,Petsai,2021,0,ton,csv
Purwanegara,sayuran,Tomat,2021,533.8,ton,csv
Purwanegara,sayuran,Bawang Putih,2021,0,ton,csv
Purwanegara,sayuran,Cabai Rawit,2021,189.1,ton,csv
Purwanegara,buah_tahunan,Mangga,2021,695.7,ton,csv
Purwanegara,buah_tahunan,Durian,2021,2309.6,ton,csv
Purwanegara,buah_tahunan,Jeruk Besar,2021,35.3,ton,csv
Purwanegara,buah_tahunan,Pisang,2021,876.3,ton,csv
Purwanegara,buah_tahunan,Pepaya,2021,2354.8,ton,csv
Purwanegara,buah_tahunan,Salak,2021,0,ton,csv
Purwanegara,buah_tahunan,Jeruk Siam,2021,0,ton,csv
Purwanegara,tanaman_hias,Agloenema,2021,0,tangkai,csv
Purwanegara,tanaman_hias,Krisan,2021,0,tangkai,csv
Purwanegara,tanaman_hias,Mawar,2021,0,tangkai,csv
Purwanegara,tanaman_hias,Soka,2021,0,tangkai,csv
Purwanegara,biofarmaka,Jahe,2021,74980,tangkai,csv
Purwanegara,biofarmaka,Laos,2021,32172,tangkai,csv
Purwanegara,biofarmaka,Kencur,2021,14980,tangkai,csv
Purwanegara,biofarmaka,Kunyit,2021,16416,tangkai,csv
Purwanegara,sayuran,Bawang Merah,2022,30,ton,csv
Purwanegara,sayuran,Cabai Besar,2022,15663.7,ton,csv
Purwanegara,sayuran,Kentang,2022,0,ton,csv
Purwanegara,sayuran,Kubis,2022,0,ton,csv
Purwanegara,sayuran,Petsai,2022,0,ton,csv
Purwanegara,sayuran,Tomat,2022,750.9,ton,csv
Purwanegara,sayuran,Bawang Putih,2022,0,ton,csv
Purwanegara,sayuran,Cabai Rawit,2022,600.4,ton,csv
Purwanegara,buah_tahunan,Mangga,2022,2460.4,ton,csv
Purwanegara,buah_tahunan,Durian,2022,4622.2,ton,csv
Purwanegara,buah_tahunan,Jeruk Besar,2022,78.9,ton,csv
Purwanegara,buah_tahunan,Pisang,2022,3902.1,ton,csv
Purwanegara,buah_tahunan,Pepaya,2022,1705.7,ton,csv
Purwanegara,buah_tahunan,Salak,2022,0,ton,csv
Purwanegara,buah_tahunan,Jeruk Siam,2022,0,ton,csv
Purwanegara,tanaman_hias,Agloenema,2022,0,tangkai,csv
Purwanegara,tanaman_hias,Krisan,2022,0,tangkai,csv
Purwanegara,tanaman_hias,Mawar,2022,0,tangkai,csv
Purwanegara,tanaman_hias,Soka,2022,0,tangkai,csv
Purwanegara,biofarmaka,Jahe,2022,0,tangkai,csv
Purwanegara,biofarmaka,Laos,2022,0,tangkai,csv
Purwanegara,biofarmaka,Kencur,2022,0,tangkai,csv
Purwanegara,biofarmaka,Kunyit,2022,0,tangkai,csv
Purwanegara,sayuran,Bawang Merah,2023,52.11,ton,csv
Purwanegara,sayuran,Cabai Besar,2023,13009,ton,csv
Purwanegara,sayuran,Kentang,2023,0,ton,csv
Purwanegara,sayuran,Kubis,2023,0,ton,csv
Purwanegara,sayuran,Petsai,2023,0,ton,csv
Purwanegara,sayuran,Tomat,2023,631.6,ton,csv
Purwanegara,sayuran,Bawang Putih,2023,0,ton,csv
Purwanegara,sayuran,Cabai Rawit,2023,870,ton,csv
Purwanegara,buah_tahunan,Mangga,2023,159,ton,csv
Purwanegara,buah_tahunan,Durian,2023,412.86,ton,csv
Purwanegara,buah_tahunan,Jeruk Besar,2023,25.12,ton,csv
Purwanegara,buah_tahunan,Pisang,2023,56.19,ton,csv
Purwanegara,buah_tahunan,Pepaya,2023,3290.27,ton,csv
Purwanegara,buah_tahunan,Salak,2023,0,ton,csv
Purwanegara,buah_tahunan,Jeruk Siam,2023,0,ton,csv
Purwanegara,tanaman_hias,Agloenema,2023,0,tangkai,csv
Purwanegara,tanaman_hias,Krisan,2023,0,tangkai,csv
Purwanegara,tanaman_hias,Mawar,2023,0,tangkai,csv
Purwanegara,tanaman_hias,Soka,2023,0,tangkai,csv
Purwanegara,biofarmaka,Jahe,2023,0,tangkai,csv
Purwanegara,biofarmaka,Laos,2023,0,tangkai,csv
Purwanegara,biofarmaka,Kencur,2023,0,tangkai,csv
Purwanegara,biofarmaka,Kunyit,2023,0,tangkai,csv
Purwanegara,sayuran,Bawang Merah,2024,0.33,ton,csv
Purwanegara,sayuran,Cabai Besar,2024,1424.69,ton,csv
Purwanegara,sayuran,Kentang,2024,0,ton,csv
Purwanegara,sayuran,Kubis,2024,0,ton,csv
Purwanegara,sayuran,Petsai,2024,0,ton,csv
Purwanegara,sayuran,Tomat,2024,161.4,ton,csv
Purwanegara,sayuran,Bawang Putih,2024,0,ton,csv
Purwanegara,sayuran,Cabai Rawit,2024,2894.9,ton,csv
Purwanegara,buah_tahunan,Mangga,2024,0,ton,csv
Purwanegara,buah_tahunan,Durian,2024,1013.3,ton,csv
Purwanegara,buah_tahunan,Jeruk Besar,2024,347.2,ton,csv
Purwanegara,buah_tahunan,Pisang,2024,905,ton,csv
Purwanegara,buah_tahunan,Pepaya,2024,9112.01,ton,csv
Purwanegara,buah_tahunan,Salak,2024,0,ton,csv
Purwanegara,buah_tahunan,Jeruk Siam,2024,0,ton,csv
Purwanegara,tanaman_hias,Agloenema,2024,0,tangkai,csv
Purwanegara,tanaman_hias,Krisan,2024,0,tangkai,csv
Purwanegara,tanaman_hias,Mawar,2024,0,tangkai,csv
Purwanegara,tanaman_hias,Soka,2024,0,tangkai,csv
Purwanegara,biofarmaka,Jahe,2024,875,tangkai,csv
Purwanegara,biofarmaka,Laos,2024,0,tangkai,csv
Purwanegara,biofarmaka,Kencur,2024,1350,tangkai,csv
Purwanegara,biofarmaka,Kunyit,2024,0,tangkai,csv
Purwareja Klampok,sayuran,Bawang Merah,2017,0,ton,csv
Purwareja Klampok,sayuran,Cabai Besar,2017,0,ton,csv
Purwareja Klampok,sayuran,Kentang,2017,0,ton,csv
Purwareja Klampok,sayuran,Kubis,2017,0,ton,csv
Purwareja Klampok,sayuran,Petsai,2017,0,ton,csv
Purwareja Klampok,sayuran,Tomat,2017,0,ton,csv
Purwareja Klampok,sayuran,Bawang Putih,2017,0,ton,csv
Purwareja Klampok,sayuran,Cabai Rawit,2017,0,ton,csv
Purwareja Klampok,buah_tahunan,Mangga,2017,45.6,ton,csv
Purwareja Klampok,buah_tahunan,Durian,2017,25,ton,csv
Purwareja Klampok,buah_tahunan,Pisang,2017,943.2,ton,csv
Purwareja Klampok,buah_tahunan,Pepaya,2017,46,ton,csv
Purwareja Klampok,buah_tahunan,Salak,2017,0,ton,csv
Purwareja Klampok,sayuran,Bawang Merah,2018,0,ton,csv
Purwareja Klampok,sayuran,Cabai Besar,2018,0,ton,csv
Purwareja Klampok,sayuran,Kentang,2018,0,ton,csv
Purwareja Klampok,sayuran,Kubis,2018,0,ton,csv
Purwareja Klampok,sayuran,Petsai,2018,0,ton,csv
Purwareja Klampok,sayuran,Tomat,2018,0,ton,csv
Purwareja Klampok,sayuran,Bawang Putih,2018,0,ton,csv
Purwareja Klampok,sayuran,Cabai Rawit,2018,0,ton,csv
Purwareja Klampok,buah_tahunan,Mangga,2018,48.9,ton,csv
Purwareja Klampok,buah_tahunan,Durian,2018,51.5,ton,csv
Purwareja Klampok,buah_tahunan,Jeruk Besar,2018,0,ton,csv
Purwareja Klampok,buah_tahunan,Pisang,2018,1247.8,ton,csv
Purwareja Klampok,buah_tahunan,Pepaya,2018,33.4,ton,csv
Purwareja Klampok,buah_tahunan,Salak,2018,0,ton,csv
Purwareja Klampok,buah_tahunan,Jeruk Siam,2018,0,ton,csv
Purwareja Klampok,sayuran,Bawang Merah,2019,0,ton,csv
Purwareja Klampok,sayuran,Cabai Besar,2019,0,ton,csv
Purwareja Klampok,sayuran,Kentang,2019,0,ton,csv
Purwareja Klampok,sayuran,Kubis,2019,0,ton,csv
Purwareja Klampok,sayuran,Petsai,2019,0,ton,csv
Purwareja Klampok,sayuran,Tomat,2019,0,ton,csv
Purwareja Klampok,sayuran,Bawang Putih,2019,0,ton,csv
Purwareja Klampok,sayuran,Cabai Rawit,2019,0,ton,csv
Purwareja Klampok,buah_tahunan,Mangga,2019,49.4,ton,csv
Purwareja Klampok,buah_tahunan,Durian,2019,43.6,ton,csv
Purwareja Klampok,buah_tahunan,Jeruk Besar,2019,0,ton,csv
Purwareja Klampok,buah_tahunan,Pisang,2019,1211.1,ton,csv
Purwareja Klampok,buah_tahunan,Pepaya,2019,26.1,ton,csv
Purwareja Klampok,buah_tahunan,Salak,2019,0,ton,csv
Purwareja Klampok,buah_tahunan,Jeruk Siam,2019,0,ton,csv
Purwareja Klampok,tanaman_hias,Agloenema,2019,0,tangkai,csv
Purwareja Klampok,tanaman_hias,Krisan,2019,0,tangkai,csv
Purwareja Klampok,tanaman_hias,Mawar,2019,0,tangkai,csv
Purwareja Klampok,tanaman_hias,Soka,2019,0,tangkai,csv
Purwareja Klampok,biofarmaka,Jahe,2019,0,tangkai,csv
Purwareja Klampok,biofarmaka,Laos,2019,0,tangkai,csv
Purwareja Klampok,biofarmaka,Kencur,2019,0,tangkai,csv
Purwareja Klampok,biofarmaka,Kunyit,2019,0,tangkai,csv
Purwareja Klampok,sayuran,Bawang Merah,2020,0,ton,csv
Purwareja Klampok,sayuran,Cabai Besar,2020,0,ton,csv
Purwareja Klampok,sayuran,Kentang,2020,0,ton,csv
Purwareja Klampok,sayuran,Kubis,2020,0,ton,csv
Purwareja Klampok,sayuran,Petsai,2020,0,ton,csv
Purwareja Klampok,sayuran,Tomat,2020,0,ton,csv
Purwareja Klampok,sayuran,Bawang Putih,2020,0,ton,csv
Purwareja Klampok,sayuran,Cabai Rawit,2020,0,ton,csv
Purwareja Klampok,buah_tahunan,Mangga,2020,71.3,ton,csv
Purwareja Klampok,buah_tahunan,Durian,2020,66.2,ton,csv
Purwareja Klampok,buah_tahunan,Jeruk Besar,2020,0,ton,csv
Purwareja Klampok,buah_tahunan,Pisang,2020,678.8,ton,csv
Purwareja Klampok,buah_tahunan,Pepaya,2020,51.3,ton,csv
Purwareja Klampok,buah_tahunan,Salak,2020,0,ton,csv
Purwareja Klampok,buah_tahunan,Jeruk Siam,2020,0,ton,csv
Purwareja Klampok,tanaman_hias,Agloenema,2020,0,tangkai,csv
Purwareja Klampok,tanaman_hias,Krisan,2020,0,tangkai,csv
Purwareja Klampok,tanaman_hias,Mawar,2020,0,tangkai,csv
Purwareja Klampok,tanaman_hias,Soka,2020,0,tangkai,csv
Purwareja Klampok,biofarmaka,Jahe,2020,0,tangkai,csv
Purwareja Klampok,biofarmaka,Laos,2020,0,tangkai,csv
Purwareja Klampok,biofarmaka,Kencur,2020,0,tangkai,csv
Purwareja Klampok,biofarmaka,Kunyit,2020,0,tangkai,csv
Purwareja Klampok,sayuran,Bawang Merah,2021,0,ton,csv
Purwareja Klampok,sayuran,Cabai Besar,2021,0,ton,csv
Purwareja Klampok,sayuran,Kentang,2021,0,ton,csv
Purwareja Klampok,sayuran,Kubis,2021,0,ton,csv
Purwareja Klampok,sayuran,Petsai,2021,0,ton,csv
Purwareja Klampok,sayuran,Tomat,2021,0,ton,csv
Purwareja Klampok,sayuran,Bawang Putih,2021,0,ton,csv
Purwareja Klampok,sayuran,Cabai Rawit,2021,0,ton,csv
Purwareja Klampok,buah_tahunan,Mangga,2021,195.9,ton,csv
Purwareja Klampok,buah_tahunan,Durian,2021,0,ton,csv
Purwareja Klampok,buah_tahunan,Jeruk Besar,2021,0,ton,csv
Purwareja Klampok,buah_tahunan,Pisang,2021,287.8,ton,csv
Purwareja Klampok,buah_tahunan,Pepaya,2021,57.9,ton,csv
Purwareja Klampok,buah_tahunan,Salak,2021,0,ton,csv
Purwareja Klampok,buah_tahunan,Jeruk Siam,2021,0,ton,csv
Purwareja Klampok,tanaman_hias,Agloenema,2021,0,tangkai,csv
Purwareja Klampok,tanaman_hias,Krisan,2021,0,tangkai,csv
Purwareja Klampok,tanaman_hias,Mawar,2021,0,tangkai,csv
Purwareja Klampok,tanaman_hias,Soka,2021,0,tangkai,csv
Purwareja Klampok,biofarmaka,Jahe,2021,0,tangkai,csv
Purwareja Klampok,biofarmaka,Laos,2021,0,tangkai,csv
Purwareja Klampok,biofarmaka,Kencur,2021,0,tangkai,csv
Purwareja Klampok,biofarmaka,Kunyit,2021,0,tangkai,csv
Purwareja Klampok,sayuran,Bawang Merah,2022,0,ton,csv
Purwareja Klampok,sayuran,Cabai Besar,2022,0,ton,csv
Purwareja Klampok,sayuran,Kentang,2022,0,ton,csv
Purwareja Klampok,sayuran,Kubis,2022,0,ton,csv
Purwareja Klampok,sayuran,Petsai,2022,0,ton,csv
Purwareja Klampok,sayuran,Tomat,2022,0,ton,csv
Purwareja Klampok,sayuran,Bawang Putih,2022,0,ton,csv
Purwareja Klampok,sayuran,Cabai Rawit,2022,0,ton,csv
Purwareja Klampok,buah_tahunan,Mangga,2022,21.5,ton,csv
Purwareja Klampok,buah_tahunan,Durian,2022,7.5,ton,csv
Purwareja Klampok,buah_tahunan,Jeruk Besar,2022,0,ton,csv
Purwareja Klampok,buah_tahunan,Pisang,2022,45.5,ton,csv
Purwareja Klampok,buah_tahunan,Pepaya,2022,53,ton,csv
Purwareja Klampok,buah_tahunan,Salak,2022,0,ton,csv
Purwareja Klampok,buah_tahunan,Jeruk Siam,2022,0,ton,csv
Purwareja Klampok,tanaman_hias,Agloenema,2022,0,tangkai,csv
Purwareja Klampok,tanaman_hias,Krisan,2022,0,tangkai,csv
Purwareja Klampok,tanaman_hias,Mawar,2022,0,tangkai,csv
Purwareja Klampok,tanaman_hias,Soka,2022,0,tangkai,csv
Purwareja Klampok,biofarmaka,Jahe,2022,0,tangkai,csv
Purwareja Klampok,biofarmaka,Laos,2022,0,tangkai,csv
Purwareja Klampok,biofarmaka,Kencur,2022,0,tangkai,csv
Purwareja Klampok,biofarmaka,Kunyit,2022,0,tangkai,csv
Purwareja Klampok,sayuran,Bawang Merah,2023,0,ton,csv
Purwareja Klampok,sayuran,Cabai Besar,2023,0,ton,csv
Purwareja Klampok,sayuran,Kentang,2023,0,ton,csv
Purwareja Klampok,sayuran,Kubis,2023,0,ton,csv
Purwareja Klampok,sayuran,Petsai,2023,0,ton,csv
Purwareja Klampok,sayuran,Tomat,2023,0,ton,csv
Purwareja Klampok,sayuran,Bawang Putih,2023,0,ton,csv
Purwareja Klampok,sayuran,Cabai Rawit,2023,0,ton,csv
Purwareja Klampok,buah_tahunan,Mangga,2023,96.1,ton,csv
Purwareja Klampok,buah_tahunan,Durian,2023,3.9,ton,csv
Purwareja Klampok,buah_tahunan,Pisang,2023,47.71,ton,csv
Purwareja Klampok,buah_tahunan,Pepaya,2023,7.11,ton,csv
Purwareja Klampok,buah_tahunan,Salak,2023,0,ton,csv
Purwareja Klampok,buah_tahunan,Jeruk Siam,2023,0,ton,csv
Purwareja Klampok,tanaman_hias,Agloenema,2023,0,tangkai,csv
Purwareja Klampok,tanaman_hias,Krisan,2023,0,tangkai,csv
Purwareja Klampok,tanaman_hias,Mawar,2023,0,tangkai,csv
Purwareja Klampok,tanaman_hias,Soka,2023,0,tangkai,csv
Purwareja Klampok,biofarmaka,Jahe,2023,0,tangkai,csv
Purwareja Klampok,biofarmaka,Laos,2023,0,tangkai,csv
Purwareja Klampok,biofarmaka,Kencur,2023,0,tangkai,csv
Purwareja Klampok,biofarmaka,Kunyit,2023,0,tangkai,csv
Purwareja Klampok,sayuran,Bawang Merah,2024,0,ton,csv
Purwareja Klampok,sayuran,Cabai Besar,2024,1,ton,csv
Purwareja Klampok,sayuran,Kentang,2024,0,ton,csv
Purwareja Klampok,sayuran,Kubis,2024,0,ton,csv
Purwareja Klampok,sayuran,Petsai,2024,0,ton,csv
Purwareja Klampok,sayuran,Tomat,2024,0,ton,csv
Purwareja Klampok,sayuran,Bawang Putih,2024,0,ton,csv
Purwareja Klampok,sayuran,Cabai Rawit,2024,1.5,ton,csv
Purwareja Klampok,buah_tahunan,Mangga,2024,88,ton,csv
Purwareja Klampok,buah_tahunan,Durian,2024,0.28,ton,csv
Purwareja Klampok,buah_tahunan,Jeruk Besar,2024,0,ton,csv
Purwareja Klampok,buah_tahunan,Pisang,2024,5.55,ton,csv
Purwareja Klampok,buah_tahunan,Pepaya,2024,4.9,ton,csv
Purwareja Klampok,buah_tahunan,Salak,2024,0,ton,csv
Purwareja Klampok,buah_tahunan,Jeruk Siam,2024,0,ton,csv
Purwareja Klampok,tanaman_hias,Agloenema,2024,0,tangkai,csv
Purwareja Klampok,tanaman_hias,Krisan,2024,0,tangkai,csv
Purwareja Klampok,tanaman_hias,Mawar,2024,0,tangkai,csv
Purwareja Klampok,tanaman_hias,Soka,2024,0,tangkai,csv
Purwareja Klampok,biofarmaka,Jahe,2024,0,tangkai,csv
Purwareja Klampok,biofarmaka,Laos,2024,0,tangkai,csv
Purwareja Klampok,biofarmaka,Kencur,2024,0,tangkai,csv
Purwareja Klampok,biofarmaka,Kunyit,2024,0,tangkai,csv
Rakit,sayuran,Bawang Merah,2017,0,ton,csv
Rakit,sayuran,Cabai Besar,2017,0,ton,csv
Rakit,sayuran,Kentang,2017,0,ton,csv
Rakit,sayuran,Kubis,2017,0,ton,csv
Rakit,sayuran,Petsai,2017,0,ton,csv
Rakit,sayuran,Tomat,2017,0,ton,csv
Rakit,sayuran,Bawang Putih,2017,0,ton,csv
Rakit,sayuran,Cabai Rawit,2017,0,ton,csv
Rakit,buah_tahunan,Mangga,2017,0,ton,csv
Rakit,buah_tahunan,Durian,2017,0,ton,csv
Rakit,buah_tahunan,Pisang,2017,251.8,ton,csv
Rakit,buah_tahunan,Pepaya,2017,113.6,ton,csv
Rakit,buah_tahunan,Salak,2017,0,ton,csv
Rakit,sayuran,Bawang Merah,2018,0,ton,csv
Rakit,sayuran,Cabai Besar,2018,62,ton,csv
Rakit,sayuran,Kentang,2018,0,ton,csv
Rakit,sayuran,Kubis,2018,0,ton,csv
Rakit,sayuran,Petsai,2018,0,ton,csv
Rakit,sayuran,Tomat,2018,0,ton,csv
Rakit,sayuran,Bawang Putih,2018,0,ton,csv
Rakit,sayuran,Cabai Rawit,2018,3,ton,csv
Rakit,buah_tahunan,Mangga,2018,30.3,ton,csv
Rakit,buah_tahunan,Durian,2018,7.3,ton,csv
Rakit,buah_tahunan,Jeruk Besar,2018,11.4,ton,csv
Rakit,buah_tahunan,Pisang,2018,87.3,ton,csv
Rakit,buah_tahunan,Pepaya,2018,56.2,ton,csv
Rakit,buah_tahunan,Salak,2018,0,ton,csv
Rakit,buah_tahunan,Jeruk Siam,2018,101.6,ton,csv
Rakit,sayuran,Bawang Merah,2019,0,ton,csv
Rakit,sayuran,Cabai Besar,2019,47.7,ton,csv
Rakit,sayuran,Kentang,2019,0,ton,csv
Rakit,sayuran,Kubis,2019,0,ton,csv
Rakit,sayuran,Petsai,2019,0,ton,csv
Rakit,sayuran,Tomat,2019,0,ton,csv
Rakit,sayuran,Bawang Putih,2019,0,ton,csv
Rakit,sayuran,Cabai Rawit,2019,19.2,ton,csv
Rakit,buah_tahunan,Mangga,2019,84.5,ton,csv
Rakit,buah_tahunan,Durian,2019,30.5,ton,csv
Rakit,buah_tahunan,Jeruk Besar,2019,9.9,ton,csv
Rakit,buah_tahunan,Pisang,2019,11,ton,csv
Rakit,buah_tahunan,Pepaya,2019,76.6,ton,csv
Rakit,buah_tahunan,Salak,2019,0,ton,csv
Rakit,buah_tahunan,Jeruk Siam,2019,28.6,ton,csv
Rakit,tanaman_hias,Agloenema,2019,0,tangkai,csv
Rakit,tanaman_hias,Krisan,2019,0,tangkai,csv
Rakit,tanaman_hias,Mawar,2019,0,tangkai,csv
Rakit,tanaman_hias,Soka,2019,0,tangkai,csv
Rakit,biofarmaka,Jahe,2019,150,tangkai,csv
Rakit,biofarmaka,Laos,2019,129,tangkai,csv
Rakit,biofarmaka,Kencur,2019,136,tangkai,csv
Rakit,biofarmaka,Kunyit,2019,156,tangkai,csv
Rakit,sayuran,Bawang Merah,2020,8.9,ton,csv
Rakit,sayuran,Cabai Besar,2020,30,ton,csv
Rakit,sayuran,Kentang,2020,0,ton,csv
Rakit,sayuran,Kubis,2020,0,ton,csv
Rakit,sayuran,Petsai,2020,0.8,ton,csv
Rakit,sayuran,Tomat,2020,0,ton,csv
Rakit,sayuran,Bawang Putih,2020,0,ton,csv
Rakit,sayuran,Cabai Rawit,2020,13.8,ton,csv
Rakit,buah_tahunan,Mangga,2020,31.4,ton,csv
Rakit,buah_tahunan,Durian,2020,96.7,ton,csv
Rakit,buah_tahunan,Jeruk Besar,2020,0.1,ton,csv
Rakit,buah_tahunan,Pisang,2020,36.5,ton,csv
Rakit,buah_tahunan,Pepaya,2020,54.9,ton,csv
Rakit,buah_tahunan,Salak,2020,0,ton,csv
Rakit,buah_tahunan,Jeruk Siam,2020,44.5,ton,csv
Rakit,tanaman_hias,Agloenema,2020,0,tangkai,csv
Rakit,tanaman_hias,Krisan,2020,0,tangkai,csv
Rakit,tanaman_hias,Mawar,2020,0,tangkai,csv
Rakit,tanaman_hias,Soka,2020,0,tangkai,csv
Rakit,biofarmaka,Jahe,2020,0,tangkai,csv
Rakit,biofarmaka,Laos,2020,20,tangkai,csv
Rakit,biofarmaka,Kencur,2020,25,tangkai,csv
Rakit,biofarmaka,Kunyit,2020,102,tangkai,csv
Rakit,sayuran,Bawang Merah,2021,0,ton,csv
Rakit,sayuran,Cabai Besar,2021,51.4,ton,csv
Rakit,sayuran,Kentang,2021,0,ton,csv
Rakit,sayuran,Kubis,2021,0,ton,csv
Rakit,sayuran,Petsai,2021,0.1,ton,csv
Rakit,sayuran,Tomat,2021,0,ton,csv
Rakit,sayuran,Bawang Putih,2021,0,ton,csv
Rakit,sayuran,Cabai Rawit,2021,7.9,ton,csv
Rakit,buah_tahunan,Mangga,2021,0,ton,csv
Rakit,buah_tahunan,Durian,2021,13.8,ton,csv
Rakit,buah_tahunan,Jeruk Besar,2021,0,ton,csv
Rakit,buah_tahunan,Pisang,2021,48.4,ton,csv
Rakit,buah_tahunan,Pepaya,2021,15.5,ton,csv
Rakit,buah_tahunan,Salak,2021,0,ton,csv
Rakit,buah_tahunan,Jeruk Siam,2021,129.6,ton,csv
Rakit,tanaman_hias,Agloenema,2021,0,tangkai,csv
Rakit,tanaman_hias,Krisan,2021,0,tangkai,csv
Rakit,tanaman_hias,Mawar,2021,0,tangkai,csv
Rakit,tanaman_hias,Soka,2021,0,tangkai,csv
Rakit,biofarmaka,Jahe,2021,2135,tangkai,csv
Rakit,biofarmaka,Laos,2021,38,tangkai,csv
Rakit,biofarmaka,Kencur,2021,0,tangkai,csv
Rakit,biofarmaka,Kunyit,2021,0,tangkai,csv
Rakit,sayuran,Bawang Merah,2022,0,ton,csv
Rakit,sayuran,Cabai Besar,2022,47.5,ton,csv
Rakit,sayuran,Kentang,2022,0,ton,csv
Rakit,sayuran,Kubis,2022,0,ton,csv
Rakit,sayuran,Petsai,2022,0,ton,csv
Rakit,sayuran,Tomat,2022,27.6,ton,csv
Rakit,sayuran,Bawang Putih,2022,0,ton,csv
Rakit,sayuran,Cabai Rawit,2022,0,ton,csv
Rakit,buah_tahunan,Mangga,2022,0,ton,csv
Rakit,buah_tahunan,Durian,2022,1.4,ton,csv
Rakit,buah_tahunan,Jeruk Besar,2022,0,ton,csv
Rakit,buah_tahunan,Pisang,2022,31.2,ton,csv
Rakit,buah_tahunan,Pepaya,2022,0,ton,csv
Rakit,buah_tahunan,Salak,2022,0,ton,csv
Rakit,buah_tahunan,Jeruk Siam,2022,9.7,ton,csv
Rakit,tanaman_hias,Agloenema,2022,0,tangkai,csv
Rakit,tanaman_hias,Krisan,2022,0,tangkai,csv
Rakit,tanaman_hias,Mawar,2022,0,tangkai,csv
Rakit,tanaman_hias,Soka,2022,0,tangkai,csv
Rakit,biofarmaka,Jahe,2022,7240,tangkai,csv
Rakit,biofarmaka,Laos,2022,8,tangkai,csv
Rakit,biofarmaka,Kencur,2022,10,tangkai,csv
Rakit,biofarmaka,Kunyit,2022,6052,tangkai,csv
Rakit,sayuran,Bawang Merah,2023,0,ton,csv
Rakit,sayuran,Cabai Besar,2023,25.11,ton,csv
Rakit,sayuran,Kentang,2023,0,ton,csv
Rakit,sayuran,Kubis,2023,0,ton,csv
Rakit,sayuran,Petsai,2023,0,ton,csv
Rakit,sayuran,Tomat,2023,14.4,ton,csv
Rakit,sayuran,Bawang Putih,2023,0,ton,csv
Rakit,sayuran,Cabai Rawit,2023,12.56,ton,csv
Rakit,buah_tahunan,Mangga,2023,0,ton,csv
Rakit,buah_tahunan,Durian,2023,2.69,ton,csv
Rakit,buah_tahunan,Pisang,2023,18.87,ton,csv
Rakit,buah_tahunan,Pepaya,2023,54,ton,csv
Rakit,buah_tahunan,Salak,2023,0,ton,csv
Rakit,buah_tahunan,Jeruk Siam,2023,0,ton,csv
Rakit,tanaman_hias,Agloenema,2023,0,tangkai,csv
Rakit,tanaman_hias,Krisan,2023,0,tangkai,csv
Rakit,tanaman_hias,Mawar,2023,0,tangkai,csv
Rakit,tanaman_hias,Soka,2023,0,tangkai,csv
Rakit,biofarmaka,Jahe,2023,560,tangkai,csv
Rakit,biofarmaka,Laos,2023,0,tangkai,csv
Rakit,biofarmaka,Kencur,2023,0,tangkai,csv
Rakit,biofarmaka,Kunyit,2023,0,tangkai,csv
Rakit,sayuran,Bawang Merah,2024,0,ton,csv
Rakit,sayuran,Cabai Besar,2024,33.13,ton,csv
Rakit,sayuran,Kentang,2024,0,ton,csv
Rakit,sayuran,Kubis,2024,0,ton,csv
Rakit,sayuran,Petsai,2024,0,ton,csv
Rakit,sayuran,Tomat,2024,9.76,ton,csv
Rakit,sayuran,Bawang Putih,2024,0,ton,csv
Rakit,sayuran,Cabai Rawit,2024,11.84,ton,csv
Rakit,buah_tahunan,Mangga,2024,0,ton,csv
Rakit,buah_tahunan,Durian,2024,11.07,ton,csv
Rakit,buah_tahunan,Jeruk Besar,2024,0,ton,csv
Rakit,buah_tahunan,Pisang,2024,53.12,ton,csv
Rakit,buah_tahunan,Pepaya,2024,81.9,ton,csv
Rakit,buah_tahunan,Salak,2024,0,ton,csv
Rakit,buah_tahunan,Jeruk Siam,2024,0.2,ton,csv
Rakit,tanaman_hias,Agloenema,2024,0,tangkai,csv
Rakit,tanaman_hias,Krisan,2024,0,tangkai,csv
Rakit,tanaman_hias,Mawar,2024,0,tangkai,csv
Rakit,tanaman_hias,Soka,2024,0,tangkai,csv
Rakit,biofarmaka,Jahe,2024,1470,tangkai,csv
Rakit,biofarmaka,Laos,2024,0,tangkai,csv
Rakit,biofarmaka,Kencur,2024,0,tangkai,csv
Rakit,biofarmaka,Kunyit,2024,0,tangkai,csv
Sigaluh,sayuran,Bawang Merah,2017,0,ton,csv
Sigaluh,sayuran,Cabai Besar,2017,0,ton,csv
Sigaluh,sayuran,Kentang,2017,0,ton,csv
Sigaluh,sayuran,Kubis,2017,0,ton,csv
Sigaluh,sayuran,Petsai,2017,0,ton,csv
Sigaluh,sayuran,Tomat,2017,0,ton,csv
Sigaluh,sayuran,Bawang Putih,2017,0,ton,csv
Sigaluh,sayuran,Cabai Rawit,2017,0,ton,csv
Sigaluh,buah_tahunan,Mangga,2017,0,ton,csv
Sigaluh,buah_tahunan,Durian,2017,552.3,ton,csv
Sigaluh,buah_tahunan,Pisang,2017,1352.9,ton,csv
Sigaluh,buah_tahunan,Pepaya,2017,141.5,ton,csv
Sigaluh,buah_tahunan,Salak,2017,20471.8,ton,csv
Sigaluh,sayuran,Bawang Merah,2018,0,ton,csv
Sigaluh,sayuran,Cabai Besar,2018,0,ton,csv
Sigaluh,sayuran,Kentang,2018,0,ton,csv
Sigaluh,sayuran,Kubis,2018,0,ton,csv
Sigaluh,sayuran,Petsai,2018,0,ton,csv
Sigaluh,sayuran,Tomat,2018,0,ton,csv
Sigaluh,sayuran,Bawang Putih,2018,0,ton,csv
Sigaluh,sayuran,Cabai Rawit,2018,0,ton,csv
Sigaluh,buah_tahunan,Mangga,2018,0,ton,csv
Sigaluh,buah_tahunan,Durian,2018,787.5,ton,csv
Sigaluh,buah_tahunan,Jeruk Besar,2018,0,ton,csv
Sigaluh,buah_tahunan,Pisang,2018,883,ton,csv
Sigaluh,buah_tahunan,Pepaya,2018,113.5,ton,csv
Sigaluh,buah_tahunan,Salak,2018,4509.3,ton,csv
Sigaluh,buah_tahunan,Jeruk Siam,2018,0,ton,csv
Sigaluh,sayuran,Bawang Merah,2019,0,ton,csv
Sigaluh,sayuran,Cabai Besar,2019,0,ton,csv
Sigaluh,sayuran,Kentang,2019,0,ton,csv
Sigaluh,sayuran,Kubis,2019,0,ton,csv
Sigaluh,sayuran,Petsai,2019,0,ton,csv
Sigaluh,sayuran,Tomat,2019,0,ton,csv
Sigaluh,sayuran,Bawang Putih,2019,0,ton,csv
Sigaluh,sayuran,Cabai Rawit,2019,0,ton,csv
Sigaluh,buah_tahunan,Mangga,2019,305.2,ton,csv
Sigaluh,buah_tahunan,Durian,2019,533.3,ton,csv
Sigaluh,buah_tahunan,Jeruk Besar,2019,0,ton,csv
Sigaluh,buah_tahunan,Pisang,2019,1269.7,ton,csv
Sigaluh,buah_tahunan,Pepaya,2019,295.3,ton,csv
Sigaluh,buah_tahunan,Salak,2019,10591.9,ton,csv
Sigaluh,buah_tahunan,Jeruk Siam,2019,0,ton,csv
Sigaluh,tanaman_hias,Agloenema,2019,0,tangkai,csv
Sigaluh,tanaman_hias,Krisan,2019,0,tangkai,csv
Sigaluh,tanaman_hias,Mawar,2019,0,tangkai,csv
Sigaluh,tanaman_hias,Soka,2019,0,tangkai,csv
Sigaluh,biofarmaka,Jahe,2019,0,tangkai,csv
Sigaluh,biofarmaka,Laos,2019,0,tangkai,csv
Sigaluh,biofarmaka,Kencur,2019,0,tangkai,csv
Sigaluh,biofarmaka,Kunyit,2019,0,tangkai,csv
Sigaluh,sayuran,Bawang Merah,2020,0,ton,csv
Sigaluh,sayuran,Cabai Besar,2020,0,ton,csv
Sigaluh,sayuran,Kentang,2020,0,ton,csv
Sigaluh,sayuran,Kubis,2020,0,ton,csv
Sigaluh,sayuran,Petsai,2020,0,ton,csv
Sigaluh,sayuran,Tomat,2020,0,ton,csv
Sigaluh,sayuran,Bawang Putih,2020,0,ton,csv
Sigaluh,sayuran,Cabai Rawit,2020,0,ton,csv
Sigaluh,buah_tahunan,Mangga,2020,141.5,ton,csv
Sigaluh,buah_tahunan,Durian,2020,1993.8,ton,csv
Sigaluh,buah_tahunan,Jeruk Besar,2020,0,ton,csv
Sigaluh,buah_tahunan,Pisang,2020,1066.4,ton,csv
Sigaluh,buah_tahunan,Pepaya,2020,159.2,ton,csv
Sigaluh,buah_tahunan,Salak,2020,13394.6,ton,csv
Sigaluh,buah_tahunan,Jeruk Siam,2020,0,ton,csv
Sigaluh,tanaman_hias,Agloenema,2020,0,tangkai,csv
Sigaluh,tanaman_hias,Krisan,2020,0,tangkai,csv
Sigaluh,tanaman_hias,Mawar,2020,0,tangkai,csv
Sigaluh,tanaman_hias,Soka,2020,0,tangkai,csv
Sigaluh,biofarmaka,Jahe,2020,0,tangkai,csv
Sigaluh,biofarmaka,Laos,2020,0,tangkai,csv
Sigaluh,biofarmaka,Kencur,2020,0,tangkai,csv
Sigaluh,biofarmaka,Kunyit,2020,0,tangkai,csv
Sigaluh,sayuran,Bawang Merah,2021,0,ton,csv
Sigaluh,sayuran,Cabai Besar,2021,10,ton,csv
Sigaluh,sayuran,Kentang,2021,0,ton,csv
Sigaluh,sayuran,Kubis,2021,0,ton,csv
Sigaluh,sayuran,Petsai,2021,0,ton,csv
Sigaluh,sayuran,Tomat,2021,0,ton,csv
Sigaluh,sayuran,Bawang Putih,2021,0,ton,csv
Sigaluh,sayuran,Cabai Rawit,2021,5,ton,csv
Sigaluh,buah_tahunan,Mangga,2021,85.9,ton,csv
Sigaluh,buah_tahunan,Durian,2021,80,ton,csv
Sigaluh,buah_tahunan,Jeruk Besar,2021,0,ton,csv
Sigaluh,buah_tahunan,Pisang,2021,1144.9,ton,csv
Sigaluh,buah_tahunan,Pepaya,2021,76,ton,csv
Sigaluh,buah_tahunan,Salak,2021,4878.8,ton,csv
Sigaluh,buah_tahunan,Jeruk Siam,2021,0,ton,csv
Sigaluh,tanaman_hias,Agloenema,2021,0,tangkai,csv
Sigaluh,tanaman_hias,Krisan,2021,0,tangkai,csv
Sigaluh,tanaman_hias,Mawar,2021,0,tangkai,csv
Sigaluh,tanaman_hias,Soka,2021,0,tangkai,csv
Sigaluh,biofarmaka,Jahe,2021,0,tangkai,csv
Sigaluh,biofarmaka,Laos,2021,0,tangkai,csv
Sigaluh,biofarmaka,Kencur,2021,0,tangkai,csv
Sigaluh,biofarmaka,Kunyit,2021,0,tangkai,csv
Sigaluh,sayuran,Bawang Merah,2022,0,ton,csv
Sigaluh,sayuran,Cabai Besar,2022,0,ton,csv
Sigaluh,sayuran,Kentang,2022,0,ton,csv
Sigaluh,sayuran,Kubis,2022,0,ton,csv
Sigaluh,sayuran,Petsai,2022,0,ton,csv
Sigaluh,sayuran,Tomat,2022,0,ton,csv
Sigaluh,sayuran,Bawang Putih,2022,0,ton,csv
Sigaluh,sayuran,Cabai Rawit,2022,0,ton,csv
Sigaluh,buah_tahunan,Mangga,2022,50.2,ton,csv
Sigaluh,buah_tahunan,Durian,2022,110.4,ton,csv
Sigaluh,buah_tahunan,Jeruk Besar,2022,0,ton,csv
Sigaluh,buah_tahunan,Pisang,2022,326.5,ton,csv
Sigaluh,buah_tahunan,Pepaya,2022,44.7,ton,csv
Sigaluh,buah_tahunan,Salak,2022,1450.8,ton,csv
Sigaluh,buah_tahunan,Jeruk Siam,2022,0,ton,csv
Sigaluh,tanaman_hias,Agloenema,2022,0,tangkai,csv
Sigaluh,tanaman_hias,Krisan,2022,0,tangkai,csv
Sigaluh,tanaman_hias,Mawar,2022,0,tangkai,csv
Sigaluh,tanaman_hias,Soka,2022,0,tangkai,csv
Sigaluh,biofarmaka,Jahe,2022,0,tangkai,csv
Sigaluh,biofarmaka,Laos,2022,0,tangkai,csv
Sigaluh,biofarmaka,Kencur,2022,0,tangkai,csv
Sigaluh,biofarmaka,Kunyit,2022,0,tangkai,csv
Sigaluh,sayuran,Bawang Merah,2023,0,ton,csv
Sigaluh,sayuran,Cabai Besar,2023,0,ton,csv
Sigaluh,sayuran,Kentang,2023,0,ton,csv
Sigaluh,sayuran,Kubis,2023,0,ton,csv
Sigaluh,sayuran,Petsai,2023,0,ton,csv
Sigaluh,sayuran,Tomat,2023,0,ton,csv
Sigaluh,sayuran,Bawang Putih,2023,0,ton,csv
Sigaluh,buah_tahunan,Mangga,2023,0,ton,csv
Sigaluh,buah_tahunan,Durian,2023,334.28,ton,csv
Sigaluh,buah_tahunan,Pisang,2023,2073.74,ton,csv
Sigaluh,buah_tahunan,Pepaya,2023,23.98,ton,csv
Sigaluh,buah_tahunan,Salak,2023,389.83,ton,csv
Sigaluh,buah_tahunan,Jeruk Siam,2023,0,ton,csv
Sigaluh,tanaman_hias,Agloenema,2023,0,tangkai,csv
Sigaluh,tanaman_hias,Krisan,2023,0,tangkai,csv
Sigaluh,tanaman_hias,Mawar,2023,0,tangkai,csv
Sigaluh,tanaman_hias,Soka,2023,0,tangkai,csv
Sigaluh,biofarmaka,Jahe,2023,0,tangkai,csv
Sigaluh,biofarmaka,Laos,2023,0,tangkai,csv
Sigaluh,biofarmaka,Kencur,2023,0,tangkai,csv
Sigaluh,biofarmaka,Kunyit,2023,0,tangkai,csv
Sigaluh,sayuran,Bawang Merah,2024,0,ton,csv
Sigaluh,sayuran,Cabai Besar,2024,0.4,ton,csv
Sigaluh,sayuran,Kentang,2024,0,ton,csv
Sigaluh,sayuran,Kubis,2024,0,ton,csv
Sigaluh,sayuran,Petsai,2024,0,ton,csv
Sigaluh,sayuran,Tomat,2024,0,ton,csv
Sigaluh,sayuran,Bawang Putih,2024,0,ton,csv
Sigaluh,sayuran,Cabai Rawit,2024,0.62,ton,csv
Sigaluh,buah_tahunan,Mangga,2024,119.58,ton,csv
Sigaluh,buah_tahunan,Durian,2024,2852.78,ton,csv
Sigaluh,buah_tahunan,Jeruk Besar,2024,0,ton,csv
Sigaluh,buah_tahunan,Pisang,2024,308.77,ton,csv
Sigaluh,buah_tahunan,Pepaya,2024,109.54,ton,csv
Sigaluh,buah_tahunan,Salak,2024,3442.36,ton,csv
Sigaluh,buah_tahunan,Jeruk Siam,2024,0,ton,csv
Sigaluh,tanaman_hias,Agloenema,2024,0,tangkai,csv
Sigaluh,tanaman_hias,Krisan,2024,0,tangkai,csv
Sigaluh,tanaman_hias,Mawar,2024,0,tangkai,csv
Sigaluh,tanaman_hias,Soka,2024,0,tangkai,csv
Sigaluh,biofarmaka,Jahe,2024,0,tangkai,csv
Sigaluh,biofarmaka,Laos,2024,0,tangkai,csv
Sigaluh,biofarmaka,Kencur,2024,0,tangkai,csv
Sigaluh,biofarmaka,Kunyit,2024,0,tangkai,csv
Susukan,sayuran,Bawang Merah,2017,0,ton,csv
Susukan,sayuran,Cabai Besar,2017,0,ton,csv
Susukan,sayuran,Kentang,2017,0,ton,csv
Susukan,sayuran,Kubis,2017,0,ton,csv
Susukan,sayuran,Petsai,2017,0,ton,csv
Susukan,sayuran,Tomat,2017,0,ton,csv
Susukan,sayuran,Bawang Putih,2017,0,ton,csv
Susukan,sayuran,Cabai Rawit,2017,0,ton,csv
Susukan,buah_tahunan,Mangga,2017,150,ton,csv
Susukan,buah_tahunan,Durian,2017,35.3,ton,csv
Susukan,buah_tahunan,Pisang,2017,1503.3,ton,csv
Susukan,buah_tahunan,Pepaya,2017,751.5,ton,csv
Susukan,buah_tahunan,Salak,2017,103.6,ton,csv
Susukan,sayuran,Bawang Merah,2018,0,ton,csv
Susukan,sayuran,Cabai Besar,2018,38.6,ton,csv
Susukan,sayuran,Kentang,2018,0,ton,csv
Susukan,sayuran,Kubis,2018,0,ton,csv
Susukan,sayuran,Petsai,2018,0,ton,csv
Susukan,sayuran,Tomat,2018,0,ton,csv
Susukan,sayuran,Bawang Putih,2018,0,ton,csv
Susukan,sayuran,Cabai Rawit,2018,0,ton,csv
Susukan,buah_tahunan,Mangga,2018,0,ton,csv
Susukan,buah_tahunan,Durian,2018,550,ton,csv
Susukan,buah_tahunan,Jeruk Besar,2018,0,ton,csv
Susukan,buah_tahunan,Pisang,2018,1143,ton,csv
Susukan,buah_tahunan,Pepaya,2018,1318.1,ton,csv
Susukan,buah_tahunan,Salak,2018,144.6,ton,csv
Susukan,buah_tahunan,Jeruk Siam,2018,0,ton,csv
Susukan,sayuran,Bawang Merah,2019,0,ton,csv
Susukan,sayuran,Cabai Besar,2019,30,ton,csv
Susukan,sayuran,Kentang,2019,0,ton,csv
Susukan,sayuran,Kubis,2019,0,ton,csv
Susukan,sayuran,Petsai,2019,0,ton,csv
Susukan,sayuran,Tomat,2019,0,ton,csv
Susukan,sayuran,Bawang Putih,2019,0,ton,csv
Susukan,sayuran,Cabai Rawit,2019,79,ton,csv
Susukan,buah_tahunan,Mangga,2019,600,ton,csv
Susukan,buah_tahunan,Durian,2019,145.2,ton,csv
Susukan,buah_tahunan,Jeruk Besar,2019,50,ton,csv
Susukan,buah_tahunan,Pisang,2019,1170,ton,csv
Susukan,buah_tahunan,Pepaya,2019,904.9,ton,csv
Susukan,buah_tahunan,Salak,2019,280,ton,csv
Susukan,buah_tahunan,Jeruk Siam,2019,0,ton,csv
Susukan,tanaman_hias,Agloenema,2019,0,tangkai,csv
Susukan,tanaman_hias,Krisan,2019,0,tangkai,csv
Susukan,tanaman_hias,Mawar,2019,0,tangkai,csv
Susukan,tanaman_hias,Soka,2019,0,tangkai,csv
Susukan,biofarmaka,Jahe,2019,696,tangkai,csv
Susukan,biofarmaka,Laos,2019,2198,tangkai,csv
Susukan,biofarmaka,Kencur,2019,3501,tangkai,csv
Susukan,biofarmaka,Kunyit,2019,20520,tangkai,csv
Susukan,sayuran,Bawang Merah,2020,0,ton,csv
Susukan,sayuran,Cabai Besar,2020,0,ton,csv
Susukan,sayuran,Kentang,2020,0,ton,csv
Susukan,sayuran,Kubis,2020,0,ton,csv
Susukan,sayuran,Petsai,2020,0,ton,csv
Susukan,sayuran,Tomat,2020,0,ton,csv
Susukan,sayuran,Bawang Putih,2020,0,ton,csv
Susukan,sayuran,Cabai Rawit,2020,0,ton,csv
Susukan,buah_tahunan,Mangga,2020,842.5,ton,csv
Susukan,buah_tahunan,Durian,2020,275,ton,csv
Susukan,buah_tahunan,Jeruk Besar,2020,588,ton,csv
Susukan,buah_tahunan,Pisang,2020,1685.2,ton,csv
Susukan,buah_tahunan,Pepaya,2020,256.3,ton,csv
Susukan,buah_tahunan,Salak,2020,158.1,ton,csv
Susukan,buah_tahunan,Jeruk Siam,2020,0,ton,csv
Susukan,tanaman_hias,Agloenema,2020,0,tangkai,csv
Susukan,tanaman_hias,Krisan,2020,0,tangkai,csv
Susukan,tanaman_hias,Mawar,2020,0,tangkai,csv
Susukan,tanaman_hias,Soka,2020,0,tangkai,csv
Susukan,biofarmaka,Jahe,2020,0,tangkai,csv
Susukan,biofarmaka,Laos,2020,0,tangkai,csv
Susukan,biofarmaka,Kencur,2020,9400,tangkai,csv
Susukan,biofarmaka,Kunyit,2020,19780,tangkai,csv
Susukan,sayuran,Bawang Merah,2021,0,ton,csv
Susukan,sayuran,Cabai Besar,2021,0,ton,csv
Susukan,sayuran,Kentang,2021,0,ton,csv
Susukan,sayuran,Kubis,2021,0,ton,csv
Susukan,sayuran,Petsai,2021,0,ton,csv
Susukan,sayuran,Tomat,2021,0,ton,csv
Susukan,sayuran,Bawang Putih,2021,0,ton,csv
Susukan,sayuran,Cabai Rawit,2021,0,ton,csv
Susukan,buah_tahunan,Mangga,2021,1315.2,ton,csv
Susukan,buah_tahunan,Durian,2021,1504.8,ton,csv
Susukan,buah_tahunan,Jeruk Besar,2021,2352,ton,csv
Susukan,buah_tahunan,Pisang,2021,5464,ton,csv
Susukan,buah_tahunan,Pepaya,2021,1399.9,ton,csv
Susukan,buah_tahunan,Salak,2021,312.4,ton,csv
Susukan,buah_tahunan,Jeruk Siam,2021,0,ton,csv
Susukan,tanaman_hias,Agloenema,2021,0,tangkai,csv
Susukan,tanaman_hias,Krisan,2021,0,tangkai,csv
Susukan,tanaman_hias,Mawar,2021,0,tangkai,csv
Susukan,tanaman_hias,Soka,2021,0,tangkai,csv
Susukan,biofarmaka,Jahe,2021,0,tangkai,csv
Susukan,biofarmaka,Laos,2021,0,tangkai,csv
Susukan,biofarmaka,Kencur,2021,0,tangkai,csv
Susukan,biofarmaka,Kunyit,2021,0,tangkai,csv
Susukan,sayuran,Bawang Merah,2022,0,ton,csv
Susukan,sayuran,Cabai Besar,2022,0,ton,csv
Susukan,sayuran,Kentang,2022,0,ton,csv
Susukan,sayuran,Kubis,2022,0,ton,csv
Susukan,sayuran,Petsai,2022,0,ton,csv
Susukan,sayuran,Tomat,2022,0,ton,csv
Susukan,sayuran,Bawang Putih,2022,0,ton,csv
Susukan,sayuran,Cabai Rawit,2022,0,ton,csv
Susukan,buah_tahunan,Mangga,2022,0,ton,csv
Susukan,buah_tahunan,Durian,2022,334.4,ton,csv
Susukan,buah_tahunan,Jeruk Besar,2022,658.1,ton,csv
Susukan,buah_tahunan,Pisang,2022,3182,ton,csv
Susukan,buah_tahunan,Pepaya,2022,858.7,ton,csv
Susukan,buah_tahunan,Salak,2022,80.9,ton,csv
Susukan,buah_tahunan,Jeruk Siam,2022,0,ton,csv
Susukan,tanaman_hias,Agloenema,2022,0,tangkai,csv
Susukan,tanaman_hias,Krisan,2022,0,tangkai,csv
Susukan,tanaman_hias,Mawar,2022,0,tangkai,csv
Susukan,tanaman_hias,Soka,2022,0,tangkai,csv
Susukan,biofarmaka,Jahe,2022,7500,tangkai,csv
Susukan,biofarmaka,Laos,2022,0,tangkai,csv
Susukan,biofarmaka,Kencur,2022,13910,tangkai,csv
Susukan,biofarmaka,Kunyit,2022,0,tangkai,csv
Susukan,sayuran,Bawang Merah,2023,0,ton,csv
Susukan,sayuran,Cabai Besar,2023,0,ton,csv
Susukan,sayuran,Kentang,2023,0,ton,csv
Susukan,sayuran,Kubis,2023,0,ton,csv
Susukan,sayuran,Petsai,2023,0,ton,csv
Susukan,sayuran,Tomat,2023,0,ton,csv
Susukan,sayuran,Bawang Putih,2023,0,ton,csv
Susukan,sayuran,Cabai Rawit,2023,0,ton,csv
Susukan,buah_tahunan,Mangga,2023,0,ton,csv
Susukan,buah_tahunan,Durian,2023,381.6,ton,csv
Susukan,buah_tahunan,Pisang,2023,0,ton,csv
Susukan,buah_tahunan,Pepaya,2023,15.82,ton,csv
Susukan,buah_tahunan,Salak,2023,0,ton,csv
Susukan,buah_tahunan,Jeruk Siam,2023,0,ton,csv
Susukan,tanaman_hias,Agloenema,2023,0,tangkai,csv
Susukan,tanaman_hias,Krisan,2023,0,tangkai,csv
Susukan,tanaman_hias,Mawar,2023,0,tangkai,csv
Susukan,tanaman_hias,Soka,2023,0,tangkai,csv
Susukan,biofarmaka,Jahe,2023,3550,tangkai,csv
Susukan,biofarmaka,Laos,2023,0,tangkai,csv
Susukan,biofarmaka,Kencur,2023,620,tangkai,csv
Susukan,biofarmaka,Kunyit,2023,800,tangkai,csv
Susukan,sayuran,Bawang Merah,2024,0,ton,csv
Susukan,sayuran,Cabai Besar,2024,0,ton,csv
Susukan,sayuran,Kentang,2024,0,ton,csv
Susukan,sayuran,Kubis,2024,0,ton,csv
Susukan,sayuran,Petsai,2024,0,ton,csv
Susukan,sayuran,Tomat,2024,0,ton,csv
Susukan,sayuran,Bawang Putih,2024,0,ton,csv
Susukan,sayuran,Cabai Rawit,2024,0,ton,csv
Susukan,buah_tahunan,Mangga,2024,0,ton,csv
Susukan,buah_tahunan,Durian,2024,11.45,ton,csv
Susukan,buah_tahunan,Jeruk Besar,2024,0,ton,csv
Susukan,buah_tahunan,Pisang,2024,0,ton,csv
Susukan,buah_tahunan,Pepaya,2024,0,ton,csv
Susukan,buah_tahunan,Salak,2024,0,ton,csv
Susukan,buah_tahunan,Jeruk Siam,2024,0,ton,csv
Susukan,tanaman_hias,Agloenema,2024,0,tangkai,csv
Susukan,tanaman_hias,Krisan,2024,0,tangkai,csv
Susukan,tanaman_hias,Mawar,2024,0,tangkai,csv
Susukan,tanaman_hias,Soka,2024,0,tangkai,csv
Susukan,biofarmaka,Jahe,2024,1100,tangkai,csv
Susukan,biofarmaka,Laos,2024,0,tangkai,csv
Susukan,biofarmaka,Kencur,2024,1240,tangkai,csv
Susukan,biofarmaka,Kunyit,2024,1600,tangkai,csv
Wanadadi,sayuran,Bawang Merah,2017,0,ton,csv
Wanadadi,sayuran,Cabai Besar,2017,0,ton,csv
Wanadadi,sayuran,Kentang,2017,0,ton,csv
Wanadadi,sayuran,Kubis,2017,0,ton,csv
Wanadadi,sayuran,Petsai,2017,0,ton,csv
Wanadadi,sayuran,Tomat,2017,0,ton,csv
Wanadadi,sayuran,Bawang Putih,2017,0,ton,csv
Wanadadi,sayuran,Cabai Rawit,2017,0,ton,csv
Wanadadi,buah_tahunan,Mangga,2017,4.9,ton,csv
Wanadadi,buah_tahunan,Durian,2017,80.7,ton,csv
Wanadadi,buah_tahunan,Pisang,2017,498.8,ton,csv
Wanadadi,buah_tahunan,Pepaya,2017,2576.5,ton,csv
Wanadadi,buah_tahunan,Salak,2017,6945.8,ton,csv
Wanadadi,sayuran,Bawang Merah,2018,0,ton,csv
Wanadadi,sayuran,Cabai Besar,2018,4.2,ton,csv
Wanadadi,sayuran,Kentang,2018,0,ton,csv
Wanadadi,sayuran,Kubis,2018,0,ton,csv
Wanadadi,sayuran,Petsai,2018,0,ton,csv
Wanadadi,sayuran,Tomat,2018,0,ton,csv
Wanadadi,sayuran,Bawang Putih,2018,0,ton,csv
Wanadadi,sayuran,Cabai Rawit,2018,2,ton,csv
Wanadadi,buah_tahunan,Mangga,2018,10.2,ton,csv
Wanadadi,buah_tahunan,Durian,2018,55.6,ton,csv
Wanadadi,buah_tahunan,Jeruk Besar,2018,0,ton,csv
Wanadadi,buah_tahunan,Pisang,2018,493.7,ton,csv
Wanadadi,buah_tahunan,Pepaya,2018,2319.2,ton,csv
Wanadadi,buah_tahunan,Salak,2018,6807.6,ton,csv
Wanadadi,buah_tahunan,Jeruk Siam,2018,7.5,ton,csv
Wanadadi,sayuran,Bawang Merah,2019,0,ton,csv
Wanadadi,sayuran,Cabai Besar,2019,5,ton,csv
Wanadadi,sayuran,Kentang,2019,0,ton,csv
Wanadadi,sayuran,Kubis,2019,0,ton,csv
Wanadadi,sayuran,Petsai,2019,0,ton,csv
Wanadadi,sayuran,Tomat,2019,0,ton,csv
Wanadadi,sayuran,Bawang Putih,2019,0,ton,csv
Wanadadi,sayuran,Cabai Rawit,2019,3.8,ton,csv
Wanadadi,buah_tahunan,Mangga,2019,14,ton,csv
Wanadadi,buah_tahunan,Durian,2019,132.4,ton,csv
Wanadadi,buah_tahunan,Jeruk Besar,2019,0,ton,csv
Wanadadi,buah_tahunan,Pisang,2019,475,ton,csv
Wanadadi,buah_tahunan,Pepaya,2019,1745,ton,csv
Wanadadi,buah_tahunan,Salak,2019,6192.1,ton,csv
Wanadadi,buah_tahunan,Jeruk Siam,2019,3.5,ton,csv
Wanadadi,tanaman_hias,Agloenema,2019,0,tangkai,csv
Wanadadi,tanaman_hias,Krisan,2019,0,tangkai,csv
Wanadadi,tanaman_hias,Mawar,2019,0,tangkai,csv
Wanadadi,tanaman_hias,Soka,2019,0,tangkai,csv
Wanadadi,biofarmaka,Jahe,2019,240,tangkai,csv
Wanadadi,biofarmaka,Laos,2019,0,tangkai,csv
Wanadadi,biofarmaka,Kencur,2019,170,tangkai,csv
Wanadadi,biofarmaka,Kunyit,2019,200,tangkai,csv
Wanadadi,sayuran,Bawang Merah,2020,0,ton,csv
Wanadadi,sayuran,Cabai Besar,2020,2.8,ton,csv
Wanadadi,sayuran,Kentang,2020,0,ton,csv
Wanadadi,sayuran,Kubis,2020,0,ton,csv
Wanadadi,sayuran,Petsai,2020,0,ton,csv
Wanadadi,sayuran,Tomat,2020,29.1,ton,csv
Wanadadi,sayuran,Bawang Putih,2020,0,ton,csv
Wanadadi,sayuran,Cabai Rawit,2020,7.8,ton,csv
Wanadadi,buah_tahunan,Mangga,2020,11.3,ton,csv
Wanadadi,buah_tahunan,Durian,2020,62.5,ton,csv
Wanadadi,buah_tahunan,Jeruk Besar,2020,0,ton,csv
Wanadadi,buah_tahunan,Pisang,2020,476.3,ton,csv
Wanadadi,buah_tahunan,Pepaya,2020,1192.1,ton,csv
Wanadadi,buah_tahunan,Salak,2020,3801.2,ton,csv
Wanadadi,buah_tahunan,Jeruk Siam,2020,1.5,ton,csv
Wanadadi,tanaman_hias,Agloenema,2020,0,tangkai,csv
Wanadadi,tanaman_hias,Krisan,2020,0,tangkai,csv
Wanadadi,tanaman_hias,Mawar,2020,0,tangkai,csv
Wanadadi,tanaman_hias,Soka,2020,0,tangkai,csv
Wanadadi,biofarmaka,Jahe,2020,0,tangkai,csv
Wanadadi,biofarmaka,Laos,2020,0,tangkai,csv
Wanadadi,biofarmaka,Kencur,2020,196,tangkai,csv
Wanadadi,biofarmaka,Kunyit,2020,180,tangkai,csv
Wanadadi,sayuran,Bawang Merah,2021,0,ton,csv
Wanadadi,sayuran,Cabai Besar,2021,0,ton,csv
Wanadadi,sayuran,Kentang,2021,0,ton,csv
Wanadadi,sayuran,Kubis,2021,0,ton,csv
Wanadadi,sayuran,Petsai,2021,0,ton,csv
Wanadadi,sayuran,Tomat,2021,40.1,ton,csv
Wanadadi,sayuran,Bawang Putih,2021,0,ton,csv
Wanadadi,sayuran,Cabai Rawit,2021,14.8,ton,csv
Wanadadi,buah_tahunan,Mangga,2021,14,ton,csv
Wanadadi,buah_tahunan,Durian,2021,45.6,ton,csv
Wanadadi,buah_tahunan,Jeruk Besar,2021,0,ton,csv
Wanadadi,buah_tahunan,Pisang,2021,618.3,ton,csv
Wanadadi,buah_tahunan,Pepaya,2021,1382.8,ton,csv
Wanadadi,buah_tahunan,Salak,2021,1618.8,ton,csv
Wanadadi,buah_tahunan,Jeruk Siam,2021,1.5,ton,csv
Wanadadi,tanaman_hias,Agloenema,2021,180,tangkai,csv
Wanadadi,tanaman_hias,Krisan,2021,0,tangkai,csv
Wanadadi,tanaman_hias,Mawar,2021,0,tangkai,csv
Wanadadi,tanaman_hias,Soka,2021,80,tangkai,csv
Wanadadi,biofarmaka,Jahe,2021,890,tangkai,csv
Wanadadi,biofarmaka,Laos,2021,0,tangkai,csv
Wanadadi,biofarmaka,Kencur,2021,0,tangkai,csv
Wanadadi,biofarmaka,Kunyit,2021,105,tangkai,csv
Wanadadi,sayuran,Bawang Merah,2022,0,ton,csv
Wanadadi,sayuran,Cabai Besar,2022,0,ton,csv
Wanadadi,sayuran,Kentang,2022,0,ton,csv
Wanadadi,sayuran,Kubis,2022,0,ton,csv
Wanadadi,sayuran,Petsai,2022,0,ton,csv
Wanadadi,sayuran,Tomat,2022,43.2,ton,csv
Wanadadi,sayuran,Bawang Putih,2022,0,ton,csv
Wanadadi,sayuran,Cabai Rawit,2022,20.5,ton,csv
Wanadadi,buah_tahunan,Mangga,2022,0,ton,csv
Wanadadi,buah_tahunan,Durian,2022,36.9,ton,csv
Wanadadi,buah_tahunan,Jeruk Besar,2022,0,ton,csv
Wanadadi,buah_tahunan,Pisang,2022,603.4,ton,csv
Wanadadi,buah_tahunan,Pepaya,2022,998,ton,csv
Wanadadi,buah_tahunan,Salak,2022,914,ton,csv
Wanadadi,buah_tahunan,Jeruk Siam,2022,1.7,ton,csv
Wanadadi,tanaman_hias,Agloenema,2022,98,tangkai,csv
Wanadadi,tanaman_hias,Krisan,2022,0,tangkai,csv
Wanadadi,tanaman_hias,Mawar,2022,0,tangkai,csv
Wanadadi,tanaman_hias,Soka,2022,0,tangkai,csv
Wanadadi,biofarmaka,Jahe,2022,524,tangkai,csv
Wanadadi,biofarmaka,Laos,2022,0,tangkai,csv
Wanadadi,biofarmaka,Kencur,2022,0,tangkai,csv
Wanadadi,biofarmaka,Kunyit,2022,0,tangkai,csv
Wanadadi,sayuran,Bawang Merah,2023,0,ton,csv
Wanadadi,sayuran,Cabai Besar,2023,1.2,ton,csv
Wanadadi,sayuran,Kentang,2023,0,ton,csv
Wanadadi,sayuran,Kubis,2023,0,ton,csv
Wanadadi,sayuran,Petsai,2023,0,ton,csv
Wanadadi,sayuran,Tomat,2023,35.1,ton,csv
Wanadadi,sayuran,Bawang Putih,2023,0,ton,csv
Wanadadi,sayuran,Cabai Rawit,2023,18.5,ton,csv
Wanadadi,buah_tahunan,Mangga,2023,0,ton,csv
Wanadadi,buah_tahunan,Durian,2023,276.75,ton,csv
Wanadadi,buah_tahunan,Pisang,2023,467.33,ton,csv
Wanadadi,buah_tahunan,Pepaya,2023,260.82,ton,csv
Wanadadi,buah_tahunan,Salak,2023,5747.09,ton,csv
Wanadadi,buah_tahunan,Jeruk Siam,2023,0,ton,csv
Wanadadi,tanaman_hias,Agloenema,2023,69,tangkai,csv
Wanadadi,tanaman_hias,Krisan,2023,0,tangkai,csv
Wanadadi,tanaman_hias,Mawar,2023,0,tangkai,csv
Wanadadi,tanaman_hias,Soka,2023,0,tangkai,csv
Wanadadi,biofarmaka,Jahe,2023,265,tangkai,csv
Wanadadi,biofarmaka,Laos,2023,376,tangkai,csv
Wanadadi,biofarmaka,Kencur,2023,0,tangkai,csv
Wanadadi,biofarmaka,Kunyit,2023,0,tangkai,csv
Wanadadi,sayuran,Bawang Merah,2024,0,ton,csv
Wanadadi,sayuran,Cabai Besar,2024,2.4,ton,csv
Wanadadi,sayuran,Kentang,2024,0,ton,csv
Wanadadi,sayuran,Kubis,2024,0,ton,csv
Wanadadi,sayuran,Petsai,2024,0,ton,csv
Wanadadi,sayuran,Tomat,2024,35.2,ton,csv
Wanadadi,sayuran,Bawang Putih,2024,0,ton,csv
Wanadadi,sayuran,Cabai Rawit,2024,16.1,ton,csv
Wanadadi,buah_tahunan,Mangga,2024,7.5,ton,csv
Wanadadi,buah_tahunan,Durian,2024,60.3,ton,csv
Wanadadi,buah_tahunan,Jeruk Besar,2024,0,ton,csv
Wanadadi,buah_tahunan,Pisang,2024,274.6,ton,csv
Wanadadi,buah_tahunan,Pepaya,2024,174.49,ton,csv
Wanadadi,buah_tahunan,Salak,2024,60471.7,ton,csv
Wanadadi,buah_tahunan,Jeruk Siam,2024,0,ton,csv
Wanadadi,tanaman_hias,Agloenema,2024,47,tangkai,csv
Wanadadi,tanaman_hias,Krisan,2024,0,tangkai,csv
Wanadadi,tanaman_hias,Mawar,2024,0,tangkai,csv
Wanadadi,tanaman_hias,Soka,2024,0,tangkai,csv
Wanadadi,biofarmaka,Jahe,2024,150,tangkai,csv
Wanadadi,biofarmaka,Laos,2024,565,tangkai,csv
Wanadadi,biofarmaka,Kencur,2024,0,tangkai,csv
Wanadadi,biofarmaka,Kunyit,2024,0,tangkai,csv
Wanayasa,sayuran,Bawang Merah,2017,0,ton,csv
Wanayasa,sayuran,Cabai Besar,2017,0,ton,csv
Wanayasa,sayuran,Kentang,2017,2412,ton,csv
Wanayasa,sayuran,Kubis,2017,3237.9,ton,csv
Wanayasa,sayuran,Petsai,2017,0,ton,csv
Wanayasa,sayuran,Tomat,2017,39.7,ton,csv
Wanayasa,sayuran,Bawang Putih,2017,0,ton,csv
Wanayasa,sayuran,Cabai Rawit,2017,0,ton,csv
Wanayasa,buah_tahunan,Mangga,2017,0,ton,csv
Wanayasa,buah_tahunan,Durian,2017,0,ton,csv
Wanayasa,buah_tahunan,Pisang,2017,355.4,ton,csv
Wanayasa,buah_tahunan,Pepaya,2017,6.7,ton,csv
Wanayasa,buah_tahunan,Salak,2017,219.3,ton,csv
Wanayasa,sayuran,Bawang Merah,2018,0,ton,csv
Wanayasa,sayuran,Cabai Besar,2018,57.6,ton,csv
Wanayasa,sayuran,Kentang,2018,3136.3,ton,csv
Wanayasa,sayuran,Kubis,2018,5494.2,ton,csv
Wanayasa,sayuran,Petsai,2018,0,ton,csv
Wanayasa,sayuran,Tomat,2018,21.1,ton,csv
Wanayasa,sayuran,Bawang Putih,2018,0,ton,csv
Wanayasa,sayuran,Cabai Rawit,2018,64,ton,csv
Wanayasa,buah_tahunan,Mangga,2018,0,ton,csv
Wanayasa,buah_tahunan,Durian,2018,3.8,ton,csv
Wanayasa,buah_tahunan,Jeruk Besar,2018,0,ton,csv
Wanayasa,buah_tahunan,Pisang,2018,447.6,ton,csv
Wanayasa,buah_tahunan,Pepaya,2018,14.8,ton,csv
Wanayasa,buah_tahunan,Salak,2018,346.5,ton,csv
Wanayasa,buah_tahunan,Jeruk Siam,2018,0,ton,csv
Wanayasa,sayuran,Bawang Merah,2019,0,ton,csv
Wanayasa,sayuran,Cabai Besar,2019,75.9,ton,csv
Wanayasa,sayuran,Kentang,2019,4251.6,ton,csv
Wanayasa,sayuran,Kubis,2019,5535.3,ton,csv
Wanayasa,sayuran,Petsai,2019,0,ton,csv
Wanayasa,sayuran,Tomat,2019,22.9,ton,csv
Wanayasa,sayuran,Bawang Putih,2019,70.4,ton,csv
Wanayasa,sayuran,Cabai Rawit,2019,64.3,ton,csv
Wanayasa,buah_tahunan,Mangga,2019,0,ton,csv
Wanayasa,buah_tahunan,Durian,2019,1.6,ton,csv
Wanayasa,buah_tahunan,Jeruk Besar,2019,0,ton,csv
Wanayasa,buah_tahunan,Pisang,2019,418.4,ton,csv
Wanayasa,buah_tahunan,Pepaya,2019,7.4,ton,csv
Wanayasa,buah_tahunan,Salak,2019,544.9,ton,csv
Wanayasa,buah_tahunan,Jeruk Siam,2019,0,ton,csv
Wanayasa,tanaman_hias,Agloenema,2019,0,tangkai,csv
Wanayasa,tanaman_hias,Krisan,2019,0,tangkai,csv
Wanayasa,tanaman_hias,Mawar,2019,0,tangkai,csv
Wanayasa,tanaman_hias,Soka,2019,0,tangkai,csv
Wanayasa,biofarmaka,Jahe,2019,0,tangkai,csv
Wanayasa,biofarmaka,Laos,2019,0,tangkai,csv
Wanayasa,biofarmaka,Kencur,2019,0,tangkai,csv
Wanayasa,biofarmaka,Kunyit,2019,0,tangkai,csv
Wanayasa,sayuran,Bawang Merah,2020,0,ton,csv
Wanayasa,sayuran,Cabai Besar,2020,104.6,ton,csv
Wanayasa,sayuran,Kentang,2020,2448.6,ton,csv
Wanayasa,sayuran,Kubis,2020,4500,ton,csv
Wanayasa,sayuran,Petsai,2020,0,ton,csv
Wanayasa,sayuran,Tomat,2020,42.9,ton,csv
Wanayasa,sayuran,Bawang Putih,2020,0,ton,csv
Wanayasa,sayuran,Cabai Rawit,2020,94.1,ton,csv
Wanayasa,buah_tahunan,Mangga,2020,0,ton,csv
Wanayasa,buah_tahunan,Durian,2020,0,ton,csv
Wanayasa,buah_tahunan,Jeruk Besar,2020,0,ton,csv
Wanayasa,buah_tahunan,Pisang,2020,183.1,ton,csv
Wanayasa,buah_tahunan,Pepaya,2020,14.8,ton,csv
Wanayasa,buah_tahunan,Salak,2020,2364.8,ton,csv
Wanayasa,buah_tahunan,Jeruk Siam,2020,0,ton,csv
Wanayasa,tanaman_hias,Agloenema,2020,0,tangkai,csv
Wanayasa,tanaman_hias,Krisan,2020,0,tangkai,csv
Wanayasa,tanaman_hias,Mawar,2020,0,tangkai,csv
Wanayasa,tanaman_hias,Soka,2020,0,tangkai,csv
Wanayasa,biofarmaka,Jahe,2020,0,tangkai,csv
Wanayasa,biofarmaka,Laos,2020,0,tangkai,csv
Wanayasa,biofarmaka,Kencur,2020,0,tangkai,csv
Wanayasa,biofarmaka,Kunyit,2020,0,tangkai,csv
Wanayasa,sayuran,Bawang Merah,2021,0,ton,csv
Wanayasa,sayuran,Cabai Besar,2021,90.3,ton,csv
Wanayasa,sayuran,Kentang,2021,2719.9,ton,csv
Wanayasa,sayuran,Kubis,2021,5303,ton,csv
Wanayasa,sayuran,Petsai,2021,0,ton,csv
Wanayasa,sayuran,Tomat,2021,26.7,ton,csv
Wanayasa,sayuran,Bawang Putih,2021,0,ton,csv
Wanayasa,sayuran,Cabai Rawit,2021,62.1,ton,csv
Wanayasa,buah_tahunan,Mangga,2021,0,ton,csv
Wanayasa,buah_tahunan,Durian,2021,0,ton,csv
Wanayasa,buah_tahunan,Jeruk Besar,2021,0,ton,csv
Wanayasa,buah_tahunan,Pisang,2021,684.6,ton,csv
Wanayasa,buah_tahunan,Pepaya,2021,0,ton,csv
Wanayasa,buah_tahunan,Salak,2021,1775.7,ton,csv
Wanayasa,buah_tahunan,Jeruk Siam,2021,0,ton,csv
Wanayasa,tanaman_hias,Agloenema,2021,0,tangkai,csv
Wanayasa,tanaman_hias,Krisan,2021,0,tangkai,csv
Wanayasa,tanaman_hias,Mawar,2021,0,tangkai,csv
Wanayasa,tanaman_hias,Soka,2021,0,tangkai,csv
Wanayasa,biofarmaka,Jahe,2021,5070,tangkai,csv
Wanayasa,biofarmaka,Laos,2021,4190,tangkai,csv
Wanayasa,biofarmaka,Kencur,2021,0,tangkai,csv
Wanayasa,biofarmaka,Kunyit,2021,3210,tangkai,csv
Wanayasa,sayuran,Bawang Merah,2022,0,ton,csv
Wanayasa,sayuran,Cabai Besar,2022,831.4,ton,csv
Wanayasa,sayuran,Kentang,2022,3777,ton,csv
Wanayasa,sayuran,Kubis,2022,5297.5,ton,csv
Wanayasa,sayuran,Petsai,2022,804.6,ton,csv
Wanayasa,sayuran,Tomat,2022,449.5,ton,csv
Wanayasa,sayuran,Bawang Putih,2022,0,ton,csv
Wanayasa,sayuran,Cabai Rawit,2022,552,ton,csv
Wanayasa,buah_tahunan,Mangga,2022,0,ton,csv
Wanayasa,buah_tahunan,Durian,2022,0,ton,csv
Wanayasa,buah_tahunan,Jeruk Besar,2022,0,ton,csv
Wanayasa,buah_tahunan,Pisang,2022,0,ton,csv
Wanayasa,buah_tahunan,Pepaya,2022,0,ton,csv
Wanayasa,buah_tahunan,Salak,2022,0,ton,csv
Wanayasa,buah_tahunan,Jeruk Siam,2022,0,ton,csv
Wanayasa,tanaman_hias,Agloenema,2022,0,tangkai,csv
Wanayasa,tanaman_hias,Krisan,2022,0,tangkai,csv
Wanayasa,tanaman_hias,Mawar,2022,0,tangkai,csv
Wanayasa,tanaman_hias,Soka,2022,0,tangkai,csv
Wanayasa,biofarmaka,Jahe,2022,1875,tangkai,csv
Wanayasa,biofarmaka,Laos,2022,0,tangkai,csv
Wanayasa,biofarmaka,Kencur,2022,0,tangkai,csv
Wanayasa,biofarmaka,Kunyit,2022,550,tangkai,csv
Wanayasa,sayuran,Bawang Merah,2023,0,ton,csv
Wanayasa,sayuran,Cabai Besar,2023,880.8,ton,csv
Wanayasa,sayuran,Kentang,2023,3630,ton,csv
Wanayasa,sayuran,Kubis,2023,3240,ton,csv
Wanayasa,sayuran,Petsai,2023,500,ton,csv
Wanayasa,sayuran,Tomat,2023,560.2,ton,csv
Wanayasa,sayuran,Bawang Putih,2023,3,ton,csv
Wanayasa,sayuran,Cabai Rawit,2023,302,ton,csv
Wanayasa,buah_tahunan,Mangga,2023,0,ton,csv
Wanayasa,buah_tahunan,Durian,2023,0,ton,csv
Wanayasa,buah_tahunan,Pisang,2023,0,ton,csv
Wanayasa,buah_tahunan,Pepaya,2023,0,ton,csv
Wanayasa,buah_tahunan,Salak,2023,0,ton,csv
Wanayasa,buah_tahunan,Jeruk Siam,2023,0,ton,csv
Wanayasa,tanaman_hias,Agloenema,2023,0,tangkai,csv
Wanayasa,tanaman_hias,Krisan,2023,0,tangkai,csv
Wanayasa,tanaman_hias,Mawar,2023,0,tangkai,csv
Wanayasa,tanaman_hias,Soka,2023,0,tangkai,csv
Wanayasa,biofarmaka,Jahe,2023,0,tangkai,csv
Wanayasa,biofarmaka,Laos,2023,0,tangkai,csv
Wanayasa,biofarmaka,Kencur,2023,0,tangkai,csv
Wanayasa,biofarmaka,Kunyit,2023,0,tangkai,csv
Wanayasa,sayuran,Bawang Merah,2024,0,ton,csv
Wanayasa,sayuran,Cabai Besar,2024,809.5,ton,csv
Wanayasa,sayuran,Kentang,2024,4035,ton,csv
Wanayasa,sayuran,Kubis,2024,4374,ton,csv
Wanayasa,sayuran,Petsai,2024,545,ton,csv
Wanayasa,sayuran,Tomat,2024,324,ton,csv
Wanayasa,sayuran,Bawang Putih,2024,0,ton,csv
Wanayasa,sayuran,Cabai Rawit,2024,285.5,ton,csv
Wanayasa,buah_tahunan,Mangga,2024,0,ton,csv
Wanayasa,buah_tahunan,Durian,2024,0,ton,csv
Wanayasa,buah_tahunan,Jeruk Besar,2024,0,ton,csv
Wanayasa,buah_tahunan,Pisang,2024,0,ton,csv
Wanayasa,buah_tahunan,Pepaya,2024,0,ton,csv
Wanayasa,buah_tahunan,Salak,2024,153,ton,csv
Wanayasa,buah_tahunan,Jeruk Siam,2024,0,ton,csv
Wanayasa,tanaman_hias,Agloenema,2024,0,tangkai,csv
Wanayasa,tanaman_hias,Krisan,2024,0,tangkai,csv
Wanayasa,tanaman_hias,Mawar,2024,0,tangkai,csv
Wanayasa,tanaman_hias,Soka,2024,0,tangkai,csv
Wanayasa,biofarmaka,Jahe,2024,125,tangkai,csv
Wanayasa,biofarmaka,Laos,2024,0,tangkai,csv
Wanayasa,biofarmaka,Kencur,2024,0,tangkai,csv
Wanayasa,biofarmaka,Kunyit,2024,75,tangkai,csv
